path,class,kind,current_layer,detected_form,expected_name,target_path,issues,action
src/Api/Controller/OrderAuditAction.php,OrderAuditAction,class,Api,Controller,OrderAuditActionController,src/Controller/OrderAuditActionController.php,missing_or_wrong_suffix|wrong_layer_or_path|namespace_drift,review_or_move
src/Api/Controller/OrderPayAction.php,OrderPayAction,class,Api,Controller,OrderPayActionController,src/Controller/OrderPayActionController.php,missing_or_wrong_suffix|wrong_layer_or_path|namespace_drift,review_or_move
src/Api/Controller/OrderPayController.php,OrderPayController,class,Api,Controller,OrderPayController,src/Controller/OrderPayController.php,wrong_layer_or_path|namespace_drift,review_or_move
src/Api/Controller/OrderRefundAction.php,OrderRefundAction,class,Api,Controller,OrderRefundActionController,src/Controller/OrderRefundActionController.php,missing_or_wrong_suffix|wrong_layer_or_path|namespace_drift,review_or_move
src/Api/Controller/OrderShipAction.php,OrderShipAction,class,Api,Controller,OrderShipActionController,src/Controller/OrderShipActionController.php,missing_or_wrong_suffix|wrong_layer_or_path|namespace_drift,review_or_move
src/Api/Controller/OrderShipController.php,OrderShipController,class,Api,Controller,OrderShipController,src/Controller/OrderShipController.php,wrong_layer_or_path|namespace_drift,review_or_move
src/Api/Dto/Order/OrderCreateInput.php,OrderCreateInput,class,Api,Api,OrderCreateInput,src/Api/Dto/Order/OrderCreateInput.php,,keep
src/Api/Dto/OrderInput.php,OrderInput,class,Api,Api,OrderInput,src/Api/Dto/OrderInput.php,,keep
src/Api/Dto/OrderOutput.php,OrderOutput,class,Api,Api,OrderOutput,src/Api/Dto/OrderOutput.php,,keep
src/Api/Dto/OrderPartialPaymentInput.php,OrderPartialPaymentInput,class,Api,Api,OrderPartialPaymentInput,src/Api/Dto/OrderPartialPaymentInput.php,,keep
src/Api/Dto/OrderPayInput.php,OrderPayInput,class,Api,Api,OrderPayInput,src/Api/Dto/OrderPayInput.php,,keep
src/Api/Dto/OrderRefundInput.php,OrderRefundInput,class,Api,Api,OrderRefundInput,src/Api/Dto/OrderRefundInput.php,,keep
src/Api/Dto/OrderShipInput.php,OrderShipInput,class,Api,Api,OrderShipInput,src/Api/Dto/OrderShipInput.php,,keep
src/Api/Processor/OrderPartialPaymentProcessor.php,OrderPartialPaymentProcessor,class,Api,Processor,OrderPartialPaymentProcessor,src/Processor/OrderPartialPaymentProcessor.php,wrong_layer_or_path|namespace_drift,review_or_move
src/Api/Processor/OrderRefundProcessor.php,OrderRefundProcessor,class,Api,Processor,OrderRefundProcessor,src/Processor/OrderRefundProcessor.php,wrong_layer_or_path|namespace_drift,review_or_move
src/Api/Provider/OrderMetricsAggregateProvider.php,OrderMetricsAggregateProvider,class,Api,Provider,OrderMetricsAggregateProvider,src/Provider/OrderMetricsAggregateProvider.php,wrong_layer_or_path|namespace_drift,review_or_move
src/Api/Provider/OrderMetricsProvider.php,OrderMetricsProvider,class,Api,Provider,OrderMetricsProvider,src/Provider/OrderMetricsProvider.php,wrong_layer_or_path|namespace_drift,review_or_move
src/Api/Provider/OrderMetricsRollupProvider.php,OrderMetricsRollupProvider,class,Api,Provider,OrderMetricsRollupProvider,src/Provider/OrderMetricsRollupProvider.php,wrong_layer_or_path|namespace_drift,review_or_move
src/Api/Resource/Order/OrderResource.php,OrderResource,class,Api,ApiResource,OrderResource,src/ApiResource/Order/OrderResource.php,wrong_layer_or_path|namespace_drift,review_or_move
src/Api/State/OrderDataPersister.php,OrderDataPersister,class,Api,Api,OrderDataPersister,src/Api/OrderDataPersister.php,wrong_layer_or_path|namespace_drift,review_or_move
src/Api/State/OrderPriceProvider.php,OrderPriceProvider,class,Api,Provider,OrderPriceProvider,src/Provider/OrderPriceProvider.php,wrong_layer_or_path|namespace_drift,review_or_move
src/ApiResource/View/Order/OrderResource.php,OrderResource,class,ApiResource,ApiResource,OrderResource,src/ApiResource/View/Order/OrderResource.php,,keep
src/ApiResource/View/Order/PricingConvertInput.php,PricingConvertInput,class,ApiResource,ApiResource,PricingConvertInput,src/ApiResource/View/Order/PricingConvertInput.php,,keep
src/ApiResource/View/Order/PricingConvertOutput.php,PricingConvertOutput,class,ApiResource,ApiResource,PricingConvertOutput,src/ApiResource/View/Order/PricingConvertOutput.php,,keep
src/ApiResource/View/Order/RefundView.php,RefundView,class,ApiResource,ApiResource,RefundView,src/ApiResource/View/Order/RefundView.php,,keep
src/ApiResource/View/Order/ReturnRequestInput.php,ReturnRequestInput,class,ApiResource,ApiResource,ReturnRequestInput,src/ApiResource/View/Order/ReturnRequestInput.php,,keep
src/ApiResource/View/Order/ReturnRequestOutput.php,ReturnRequestOutput,class,ApiResource,ApiResource,ReturnRequestOutput,src/ApiResource/View/Order/ReturnRequestOutput.php,,keep
src/AuditInterface/Archival/Order/OrderArchivalInterface.php,OrderArchivalInterface,interface,AuditInterface,AuditInterface,OrderArchivalInterface,src/AuditInterface/Archival/Order/OrderArchivalInterface.php,,keep
src/Command/ClearOrdersCommand.php,ClearOrdersCommand,class,Command,Command,ClearOrdersCommand,src/Command/ClearOrdersCommand.php,,keep
src/Command/DlqRequeueCommand.php,DlqRequeueCommand,class,Command,Command,DlqRequeueCommand,src/Command/DlqRequeueCommand.php,,keep
src/Command/GenerateOrdersCommand.php,GenerateOrdersCommand,class,Command,Command,GenerateOrdersCommand,src/Command/GenerateOrdersCommand.php,,keep
src/Command/ListOrdersCommand.php,ListOrdersCommand,class,Command,Command,ListOrdersCommand,src/Command/ListOrdersCommand.php,,keep
src/Command/Operations/Order/AuditRotateCommand.php,AuditRotateCommand,class,Command,Command,AuditRotateCommand,src/Command/Operations/Order/AuditRotateCommand.php,,keep
src/Command/Operations/Order/AuditShipS3Command.php,AuditShipS3Command,class,Command,Command,AuditShipS3Command,src/Command/Operations/Order/AuditShipS3Command.php,,keep
src/Command/Operations/Order/DlqListCommand.php,DlqListCommand,class,Command,Command,DlqListCommand,src/Command/Operations/Order/DlqListCommand.php,,keep
src/Command/Operations/Order/DlqRequeueCommand.php,DlqRequeueCommand,class,Command,Command,DlqRequeueCommand,src/Command/Operations/Order/DlqRequeueCommand.php,,keep
src/Command/Operations/Order/OutboxRelayCommand.php,OutboxRelayCommand,class,Command,Command,OutboxRelayCommand,src/Command/Operations/Order/OutboxRelayCommand.php,,keep
src/Command/Operations/Order/SyncReadModelCommand.php,SyncReadModelCommand,class,Command,Command,SyncReadModelCommand,src/Command/Operations/Order/SyncReadModelCommand.php,,keep
src/Command/OrderDemoLoadCommand.php,OrderDemoLoadCommand,class,Command,Command,OrderDemoLoadCommand,src/Command/OrderDemoLoadCommand.php,,keep
src/Command/OrderDemoResetCommand.php,OrderDemoResetCommand,class,Command,Command,OrderDemoResetCommand,src/Command/OrderDemoResetCommand.php,,keep
src/Command/OrderDiagnosticsCommand.php,OrderDiagnosticsCommand,class,Command,Command,OrderDiagnosticsCommand,src/Command/OrderDiagnosticsCommand.php,,keep
src/Command/OrderMetricsExportCommand.php,OrderMetricsExportCommand,class,Command,Command,OrderMetricsExportCommand,src/Command/OrderMetricsExportCommand.php,,keep
src/Command/OrderReportCommand.php,OrderReportCommand,class,Command,Command,OrderReportCommand,src/Command/OrderReportCommand.php,,keep
src/Command/OutboxDispatchCommand.php,OutboxDispatchCommand,class,Command,Command,OutboxDispatchCommand,src/Command/OutboxDispatchCommand.php,,keep
src/Command/OutboxProcessCommand.php,OutboxProcessCommand,class,Command,Command,OutboxProcessCommand,src/Command/OutboxProcessCommand.php,,keep
src/Command/OutboxReplayCommand.php,OutboxReplayCommand,class,Command,Command,OutboxReplayCommand,src/Command/OutboxReplayCommand.php,,keep
src/Command/StatsOrdersCommand.php,StatsOrdersCommand,class,Command,Command,StatsOrdersCommand,src/Command/StatsOrdersCommand.php,,keep
src/Command/ValidateDoctrineMappingCommand.php,ValidateDoctrineMappingCommand,class,Command,Command,ValidateDoctrineMappingCommand,src/Command/ValidateDoctrineMappingCommand.php,,keep
src/Command/WorkflowTestCommand.php,WorkflowTestCommand,class,Command,Command,WorkflowTestCommand,src/Command/WorkflowTestCommand.php,,keep
src/CommandInterface/Console/Order/AuditRotateCommandInterface.php,AuditRotateCommandInterface,interface,CommandInterface,CommandInterface,AuditRotateCommandInterface,src/CommandInterface/Console/Order/AuditRotateCommandInterface.php,,keep
src/CommandInterface/Console/Order/AuditShipS3CommandInterface.php,AuditShipS3CommandInterface,interface,CommandInterface,CommandInterface,AuditShipS3CommandInterface,src/CommandInterface/Console/Order/AuditShipS3CommandInterface.php,,keep
src/CommandInterface/Console/Order/DlqListCommandInterface.php,DlqListCommandInterface,interface,CommandInterface,CommandInterface,DlqListCommandInterface,src/CommandInterface/Console/Order/DlqListCommandInterface.php,,keep
src/CommandInterface/Console/Order/DlqRequeueCommandInterface.php,DlqRequeueCommandInterface,interface,CommandInterface,CommandInterface,DlqRequeueCommandInterface,src/CommandInterface/Console/Order/DlqRequeueCommandInterface.php,,keep
src/Contract/Domain/RecordsDomainEvents.php,RecordsDomainEvents,interface,Contract,ServiceInterface,RecordsDomainEventsInterface,src/ServiceInterface/Domain/RecordsDomainEventsInterface.php,missing_or_wrong_suffix|wrong_layer_or_path|namespace_drift,review_or_move
src/Contract/Gateway/Order/OrderPaymentGatewayInterface.php,OrderPaymentGatewayInterface,interface,Contract,ServiceInterface,OrderPaymentGatewayInterface,src/ServiceInterface/Gateway/Order/OrderPaymentGatewayInterface.php,wrong_layer_or_path|namespace_drift,review_or_move
src/Contract/Gateway/Order/OrderShipmentGatewayInterface.php,OrderShipmentGatewayInterface,interface,Contract,ServiceInterface,OrderShipmentGatewayInterface,src/ServiceInterface/Gateway/Order/OrderShipmentGatewayInterface.php,wrong_layer_or_path|namespace_drift,review_or_move
src/Contract/Gateway/Order/OrderTaxationGatewayInterface.php,OrderTaxationGatewayInterface,interface,Contract,ServiceInterface,OrderTaxationGatewayInterface,src/ServiceInterface/Gateway/Order/OrderTaxationGatewayInterface.php,wrong_layer_or_path|namespace_drift,review_or_move
src/Contract/Gateway/Order/TaxBreakdown.php,TaxBreakdown,class,Contract,Contract,TaxBreakdown,src/Contract/Gateway/Order/TaxBreakdown.php,,keep
src/Controller/HealthCheckController.php,HealthCheckController,class,Controller,Controller,HealthCheckController,src/Controller/HealthCheckController.php,,keep
src/Controller/OrderApiController.php,OrderApiController,class,Controller,Controller,OrderApiController,src/Controller/OrderApiController.php,,keep
src/Controller/OrderController.php,OrderController,class,Controller,Controller,OrderController,src/Controller/OrderController.php,,keep
src/Controller/OrderManagementController.php,OrderManagementController,class,Controller,Controller,OrderManagementController,src/Controller/OrderManagementController.php,,keep
src/Controller/OrderMetricsController.php,OrderMetricsController,class,Controller,Controller,OrderMetricsController,src/Controller/OrderMetricsController.php,,keep
src/Controller/ReadinessController.php,ReadinessController,class,Controller,Controller,ReadinessController,src/Controller/ReadinessController.php,,keep
src/Controller/TestEmailController.php,TestEmailController,class,Controller,Controller,TestEmailController,src/Controller/TestEmailController.php,,keep
src/Controller/Webhook/PaymentWebhookController.php,PaymentWebhookController,class,Controller,Controller,PaymentWebhookController,src/Controller/Webhook/PaymentWebhookController.php,,keep
src/DLQInterface/Handler/Order/OrderDeadLetterHandlerInterface.php,OrderDeadLetterHandlerInterface,interface,DLQInterface,DLQInterface,OrderDeadLetterHandlerInterface,src/DLQInterface/Handler/Order/OrderDeadLetterHandlerInterface.php,,keep
src/DLXInterface/Routing/Order/OrderDeadLetterRouterInterface.php,OrderDeadLetterRouterInterface,interface,DLXInterface,DLXInterface,OrderDeadLetterRouterInterface,src/DLXInterface/Routing/Order/OrderDeadLetterRouterInterface.php,,keep
src/DTO/OrderCreateDTO.php,OrderCreateDTO,class,DTO,DTO,OrderCreateDTO,src/DTO/OrderCreateDTO.php,,keep
src/DTO/OrderPaymentDTO.php,OrderPaymentDTO,class,DTO,DTO,OrderPaymentDTO,src/DTO/OrderPaymentDTO.php,,keep
src/DTO/OrderRefundDTO.php,OrderRefundDTO,class,DTO,DTO,OrderRefundDTO,src/DTO/OrderRefundDTO.php,,keep
src/DTO/OrderShipmentDTO.php,OrderShipmentDTO,class,DTO,DTO,OrderShipmentDTO,src/DTO/OrderShipmentDTO.php,,keep
src/DataFixtures/OrderDemoFixtures.php,OrderDemoFixtures,class,DataFixtures,DataFixtures,OrderDemoFixtures,src/DataFixtures/OrderDemoFixtures.php,,keep
src/DataFixtures/OrderFixtures.php,OrderFixtures,class,DataFixtures,DataFixtures,OrderFixtures,src/DataFixtures/OrderFixtures.php,,keep
src/DemoInterface/Scenario/Order/OrderDemoServiceInterface.php,OrderDemoServiceInterface,interface,DemoInterface,DemoInterface,OrderDemoServiceInterface,src/DemoInterface/Scenario/Order/OrderDemoServiceInterface.php,,keep
src/DependencyInjection/OrderComponentExtension.php,OrderComponentExtension,class,DependencyInjection,DependencyInjection,OrderComponentExtension,src/DependencyInjection/OrderComponentExtension.php,,keep
src/Entity/Order/OrderAnalyticsRecordEntity.php,OrderAnalyticsRecordEntity,class,Entity,Entity,OrderAnalyticsRecordEntity,src/Entity/Order/OrderAnalyticsRecordEntity.php,,keep
src/Entity/Order/OrderAuditLogEntity.php,OrderAuditLogEntity,class,Entity,Entity,OrderAuditLogEntity,src/Entity/Order/OrderAuditLogEntity.php,,keep
src/Entity/Order/OrderDisputeEntity.php,OrderDisputeEntity,class,Entity,Entity,OrderDisputeEntity,src/Entity/Order/OrderDisputeEntity.php,,keep
src/Entity/Order/OrderEntity.php,OrderEntity,class,Entity,Entity,OrderEntity,src/Entity/Order/OrderEntity.php,,keep
src/Entity/Order/OrderEventRecordEntity.php,OrderEventRecordEntity,class,Entity,Entity,OrderEventRecordEntity,src/Entity/Order/OrderEventRecordEntity.php,,keep
src/Entity/Order/OrderIdempotencyKeyEntity.php,OrderIdempotencyKeyEntity,class,Entity,Entity,OrderIdempotencyKeyEntity,src/Entity/Order/OrderIdempotencyKeyEntity.php,,keep
src/Entity/Order/OrderInventoryReservationEntity.php,OrderInventoryReservationEntity,class,Entity,Entity,OrderInventoryReservationEntity,src/Entity/Order/OrderInventoryReservationEntity.php,,keep
src/Entity/Order/OrderItemEntity.php,OrderItemEntity,class,Entity,Entity,OrderItemEntity,src/Entity/Order/OrderItemEntity.php,,keep
src/Entity/Order/OrderOutboxMessageEntity.php,OrderOutboxMessageEntity,class,Entity,Entity,OrderOutboxMessageEntity,src/Entity/Order/OrderOutboxMessageEntity.php,,keep
src/Entity/Order/OrderPaymentAllocationEntity.php,OrderPaymentAllocationEntity,class,Entity,Entity,OrderPaymentAllocationEntity,src/Entity/Order/OrderPaymentAllocationEntity.php,,keep
src/Entity/Order/OrderPaymentEntity.php,OrderPaymentEntity,class,Entity,Entity,OrderPaymentEntity,src/Entity/Order/OrderPaymentEntity.php,,keep
src/Entity/Order/OrderPaymentTransactionEntity.php,OrderPaymentTransactionEntity,class,Entity,Entity,OrderPaymentTransactionEntity,src/Entity/Order/OrderPaymentTransactionEntity.php,,keep
src/Entity/Order/OrderRefundEntity.php,OrderRefundEntity,class,Entity,Entity,OrderRefundEntity,src/Entity/Order/OrderRefundEntity.php,,keep
src/Entity/Order/OrderRefundTransactionEntity.php,OrderRefundTransactionEntity,class,Entity,Entity,OrderRefundTransactionEntity,src/Entity/Order/OrderRefundTransactionEntity.php,,keep
src/Entity/Order/OrderShipmentEntity.php,OrderShipmentEntity,class,Entity,Entity,OrderShipmentEntity,src/Entity/Order/OrderShipmentEntity.php,,keep
src/Entity/Order/OrderShipmentItemEntity.php,OrderShipmentItemEntity,class,Entity,Entity,OrderShipmentItemEntity,src/Entity/Order/OrderShipmentItemEntity.php,,keep
src/Entity/Order/OrderShipmentViewEntity.php,OrderShipmentViewEntity,class,Entity,Entity,OrderShipmentViewEntity,src/Entity/Order/OrderShipmentViewEntity.php,,keep
src/Entity/Order/OrderStatusHistoryEntity.php,OrderStatusHistoryEntity,class,Entity,Entity,OrderStatusHistoryEntity,src/Entity/Order/OrderStatusHistoryEntity.php,,keep
src/Entity/Order/OrderStockReservationEntity.php,OrderStockReservationEntity,class,Entity,Entity,OrderStockReservationEntity,src/Entity/Order/OrderStockReservationEntity.php,,keep
src/Entity/Order/OrderWebhookLogEntity.php,OrderWebhookLogEntity,class,Entity,Entity,OrderWebhookLogEntity,src/Entity/Order/OrderWebhookLogEntity.php,,keep
src/Event/Domain/Order/OrderCancelledEvent.php,OrderCancelledEvent,class,Event,Event,OrderCancelledEvent,src/Event/Domain/Order/OrderCancelledEvent.php,,keep
src/Event/Domain/Order/OrderChargebackIssuedEvent.php,OrderChargebackIssuedEvent,class,Event,Event,OrderChargebackIssuedEvent,src/Event/Domain/Order/OrderChargebackIssuedEvent.php,,keep
src/Event/Domain/Order/OrderDeliveredEvent.php,OrderDeliveredEvent,class,Event,Event,OrderDeliveredEvent,src/Event/Domain/Order/OrderDeliveredEvent.php,,keep
src/Event/Domain/Order/OrderDisputeOpenedEvent.php,OrderDisputeOpenedEvent,class,Event,Event,OrderDisputeOpenedEvent,src/Event/Domain/Order/OrderDisputeOpenedEvent.php,,keep
src/Event/Domain/Order/OrderDisputeResolvedEvent.php,OrderDisputeResolvedEvent,class,Event,Event,OrderDisputeResolvedEvent,src/Event/Domain/Order/OrderDisputeResolvedEvent.php,,keep
src/Event/Domain/Order/OrderFullyPaidEvent.php,OrderFullyPaidEvent,class,Event,Event,OrderFullyPaidEvent,src/Event/Domain/Order/OrderFullyPaidEvent.php,,keep
src/Event/Domain/Order/OrderFullyRefundedEvent.php,OrderFullyRefundedEvent,class,Event,Event,OrderFullyRefundedEvent,src/Event/Domain/Order/OrderFullyRefundedEvent.php,,keep
src/Event/Domain/Order/OrderPaidEvent.php,OrderPaidEvent,class,Event,Event,OrderPaidEvent,src/Event/Domain/Order/OrderPaidEvent.php,,keep
src/Event/Domain/Order/OrderPartiallyPaidEvent.php,OrderPartiallyPaidEvent,class,Event,Event,OrderPartiallyPaidEvent,src/Event/Domain/Order/OrderPartiallyPaidEvent.php,,keep
src/Event/Domain/Order/OrderPartiallyRefundedEvent.php,OrderPartiallyRefundedEvent,class,Event,Event,OrderPartiallyRefundedEvent,src/Event/Domain/Order/OrderPartiallyRefundedEvent.php,,keep
src/Event/Domain/Order/OrderPartiallyShippedEvent.php,OrderPartiallyShippedEvent,class,Event,Event,OrderPartiallyShippedEvent,src/Event/Domain/Order/OrderPartiallyShippedEvent.php,,keep
src/Event/Domain/Order/OrderPlacedEvent.php,OrderPlacedEvent,class,Event,Event,OrderPlacedEvent,src/Event/Domain/Order/OrderPlacedEvent.php,,keep
src/Event/Domain/Order/OrderRefundCompletedEvent.php,OrderRefundCompletedEvent,class,Event,Event,OrderRefundCompletedEvent,src/Event/Domain/Order/OrderRefundCompletedEvent.php,,keep
src/Event/Domain/Order/OrderRefundInitiatedEvent.php,OrderRefundInitiatedEvent,class,Event,Event,OrderRefundInitiatedEvent,src/Event/Domain/Order/OrderRefundInitiatedEvent.php,,keep
src/Event/Domain/Order/OrderRefundedEvent.php,OrderRefundedEvent,class,Event,Event,OrderRefundedEvent,src/Event/Domain/Order/OrderRefundedEvent.php,,keep
src/Event/Domain/Order/OrderReturnWindowExpiredEvent.php,OrderReturnWindowExpiredEvent,class,Event,Event,OrderReturnWindowExpiredEvent,src/Event/Domain/Order/OrderReturnWindowExpiredEvent.php,,keep
src/Event/Domain/Order/OrderShippedEvent.php,OrderShippedEvent,class,Event,Event,OrderShippedEvent,src/Event/Domain/Order/OrderShippedEvent.php,,keep
src/Event/Domain/Order/OrderStatusChanged.php,OrderStatusChanged,class,Event,Event,OrderStatusChangedEvent,src/Event/Domain/Order/OrderStatusChangedEvent.php,missing_or_wrong_suffix|wrong_layer_or_path,review_or_move
src/Event/Domain/Order/StockConsumedEvent.php,StockConsumedEvent,class,Event,Event,StockConsumedEvent,src/Event/Domain/Order/StockConsumedEvent.php,,keep
src/Event/Domain/Order/StockReleasedEvent.php,StockReleasedEvent,class,Event,Event,StockReleasedEvent,src/Event/Domain/Order/StockReleasedEvent.php,,keep
src/Event/Domain/Order/StockReservationFailedEvent.php,StockReservationFailedEvent,class,Event,Event,StockReservationFailedEvent,src/Event/Domain/Order/StockReservationFailedEvent.php,,keep
src/Event/Domain/Order/StockReservedEvent.php,StockReservedEvent,class,Event,Event,StockReservedEvent,src/Event/Domain/Order/StockReservedEvent.php,,keep
src/EventListener/OrderApiRateLimitListener.php,OrderApiRateLimitListener,class,EventListener,Listener,OrderApiRateLimitListener,src/Listener/OrderApiRateLimitListener.php,wrong_layer_or_path|namespace_drift,review_or_move
src/EventListener/OrderTenantRateLimitListener.php,OrderTenantRateLimitListener,class,EventListener,Listener,OrderTenantRateLimitListener,src/Listener/OrderTenantRateLimitListener.php,wrong_layer_or_path|namespace_drift,review_or_move
src/EventSubscriber/ApiAuditSubscriber.php,ApiAuditSubscriber,class,EventSubscriber,Subscriber,ApiAuditSubscriber,src/Subscriber/ApiAuditSubscriber.php,wrong_layer_or_path|namespace_drift,review_or_move
src/EventSubscriber/DomainEventsToOutboxSubscriber.php,DomainEventsToOutboxSubscriber,class,EventSubscriber,Subscriber,DomainEventsToOutboxSubscriber,src/Subscriber/DomainEventsToOutboxSubscriber.php,wrong_layer_or_path|namespace_drift,review_or_move
src/EventSubscriber/OrderWorkflowGuardSubscriber.php,OrderWorkflowGuardSubscriber,class,EventSubscriber,Subscriber,OrderWorkflowGuardSubscriber,src/Subscriber/OrderWorkflowGuardSubscriber.php,wrong_layer_or_path|namespace_drift,review_or_move
src/Factory/OrderFactory.php,OrderFactory,class,Factory,Factory,OrderFactory,src/Factory/OrderFactory.php,,keep
src/Factory/OrderFactoryProxy.php,OrderFactoryProxy,class,Factory,Factory,OrderFactoryProxyFactory,src/Factory/OrderFactoryProxyFactory.php,missing_or_wrong_suffix|wrong_layer_or_path,review_or_move
src/Form/OrderCreateType.php,OrderCreateType,class,Form,Form,OrderCreateType,src/Form/OrderCreateType.php,,keep
src/Form/OrderPaymentType.php,OrderPaymentType,class,Form,Form,OrderPaymentType,src/Form/OrderPaymentType.php,,keep
src/Form/OrderRefundType.php,OrderRefundType,class,Form,Form,OrderRefundType,src/Form/OrderRefundType.php,,keep
src/Form/OrderShipmentType.php,OrderShipmentType,class,Form,Form,OrderShipmentType,src/Form/OrderShipmentType.php,,keep
src/Gateway/InMemoryInventoryGateway.php,InMemoryInventoryGateway,class,Gateway,Gateway,InMemoryInventoryGateway,src/Gateway/InMemoryInventoryGateway.php,,keep
src/Http/Idempotency/IdempotencyMiddleware.php,IdempotencyMiddleware,class,Http,Middleware,IdempotencyMiddleware,src/Middleware/Idempotency/IdempotencyMiddleware.php,wrong_layer_or_path|namespace_drift,review_or_move
src/Http/Middleware/RateLimitHeaderMiddleware.php,RateLimitHeaderMiddleware,class,Http,Middleware,RateLimitHeaderMiddleware,src/Middleware/Middleware/RateLimitHeaderMiddleware.php,wrong_layer_or_path|namespace_drift,review_or_move
src/Http/Subscriber/WebhookHmacSubscriber.php,WebhookHmacSubscriber,class,Http,Subscriber,WebhookHmacSubscriber,src/Subscriber/Subscriber/WebhookHmacSubscriber.php,wrong_layer_or_path|namespace_drift,review_or_move
src/Infrastructure/FaultTolerance/CircuitBreaker.php,CircuitBreaker,class,Infrastructure,Infrastructure,CircuitBreaker,src/Infrastructure/FaultTolerance/CircuitBreaker.php,,keep
src/Infrastructure/FaultTolerance/RateLimiterMiddleware.php,RateLimiterMiddleware,class,Infrastructure,Middleware,RateLimiterMiddleware,src/Middleware/FaultTolerance/RateLimiterMiddleware.php,wrong_layer_or_path|namespace_drift,review_or_move
src/Infrastructure/Http/Order/AuditListener.php,AuditListener,class,Infrastructure,Listener,AuditListener,src/Listener/Http/Order/AuditListener.php,wrong_layer_or_path|namespace_drift,review_or_move
src/Infrastructure/Http/Order/ProblemExceptionListener.php,ProblemExceptionListener,class,Infrastructure,Listener,ProblemExceptionListener,src/Listener/Http/Order/ProblemExceptionListener.php,wrong_layer_or_path|namespace_drift,review_or_move
src/Infrastructure/Idempotency/Order/IdempotencyRequestListener.php,IdempotencyRequestListener,class,Infrastructure,Listener,IdempotencyRequestListener,src/Listener/Idempotency/Order/IdempotencyRequestListener.php,wrong_layer_or_path|namespace_drift,review_or_move
src/Infrastructure/Monitoring/HealthCheckController.php,HealthCheckController,class,Infrastructure,Controller,HealthCheckController,src/Controller/Monitoring/HealthCheckController.php,wrong_layer_or_path|namespace_drift,review_or_move
src/Infrastructure/Monitoring/HealthController.php,HealthController,class,Infrastructure,Controller,HealthController,src/Controller/Monitoring/HealthController.php,wrong_layer_or_path|namespace_drift,review_or_move
src/Infrastructure/Monitoring/MetricsCollector.php,MetricsCollector,class,Infrastructure,Infrastructure,MetricsCollector,src/Infrastructure/Monitoring/MetricsCollector.php,,keep
src/Infrastructure/Monitoring/MetricsController.php,MetricsController,class,Infrastructure,Controller,MetricsController,src/Controller/Monitoring/MetricsController.php,wrong_layer_or_path|namespace_drift,review_or_move
src/Infrastructure/Monitoring/TraceContextSubscriber.php,TraceContextSubscriber,class,Infrastructure,Subscriber,TraceContextSubscriber,src/Subscriber/Monitoring/TraceContextSubscriber.php,wrong_layer_or_path|namespace_drift,review_or_move
src/Infrastructure/Observability/Order/ApiMetricListener.php,ApiMetricListener,class,Infrastructure,Listener,ApiMetricListener,src/Listener/Observability/Order/ApiMetricListener.php,wrong_layer_or_path|namespace_drift,review_or_move
src/Infrastructure/Observability/Order/LogCorrelationProcessor.php,LogCorrelationProcessor,class,Infrastructure,Processor,LogCorrelationProcessor,src/Processor/Observability/Order/LogCorrelationProcessor.php,wrong_layer_or_path|namespace_drift,review_or_move
src/Infrastructure/Observability/Order/RequestCorrelationListener.php,RequestCorrelationListener,class,Infrastructure,Listener,RequestCorrelationListener,src/Listener/Observability/Order/RequestCorrelationListener.php,wrong_layer_or_path|namespace_drift,review_or_move
src/Infrastructure/Outbox/Command/Order/OutboxRunCommand.php,OutboxRunCommand,class,Infrastructure,Command,OutboxRunCommand,src/Command/Outbox/Command/Order/OutboxRunCommand.php,wrong_layer_or_path|namespace_drift,review_or_move
src/Infrastructure/Outbox/Order/OutboxProcessor.php,OutboxProcessor,class,Infrastructure,Processor,OutboxProcessor,src/Processor/Outbox/Order/OutboxProcessor.php,wrong_layer_or_path|namespace_drift,review_or_move
src/Infrastructure/Storage/Order/S3ClientFactory.php,S3ClientFactory,class,Infrastructure,Factory,S3ClientFactory,src/Factory/Storage/Order/S3ClientFactory.php,wrong_layer_or_path|namespace_drift,review_or_move
src/Integration/Inventory/InMemoryInventoryGateway.php,InMemoryInventoryGateway,,Integration,Integration,InMemoryInventoryGateway,src/Integration/Inventory/InMemoryInventoryGateway.php,missing_classlike_declaration,review_or_move
src/Kernel.php,Kernel,class,Kernel.php,Kernel.php,Kernel,src/Kernel.php/Kernel.php,wrong_layer_or_path|namespace_drift,review_or_move
src/Message/Command/FlakyCommand.php,FlakyCommand,class,Message,Command,FlakyCommand,src/Command/Command/FlakyCommand.php,wrong_layer_or_path|namespace_drift,review_or_move
src/Message/Command/Order/OrderCancelCommand.php,OrderCancelCommand,class,Message,Command,OrderCancelCommand,src/Command/Command/Order/OrderCancelCommand.php,wrong_layer_or_path|namespace_drift,review_or_move
src/Message/Command/Order/OrderPartialPayCommand.php,OrderPartialPayCommand,class,Message,Command,OrderPartialPayCommand,src/Command/Command/Order/OrderPartialPayCommand.php,wrong_layer_or_path|namespace_drift,review_or_move
src/Message/Command/Order/OrderPartialPaymentCommand.php,OrderPartialPaymentCommand,class,Message,Command,OrderPartialPaymentCommand,src/Command/Command/Order/OrderPartialPaymentCommand.php,wrong_layer_or_path|namespace_drift,review_or_move
src/Message/Command/Order/OrderPartialRefundCommand.php,OrderPartialRefundCommand,class,Message,Command,OrderPartialRefundCommand,src/Command/Command/Order/OrderPartialRefundCommand.php,wrong_layer_or_path|namespace_drift,review_or_move
src/Message/Command/Order/OrderPartialShipCommand.php,OrderPartialShipCommand,class,Message,Command,OrderPartialShipCommand,src/Command/Command/Order/OrderPartialShipCommand.php,wrong_layer_or_path|namespace_drift,review_or_move
src/Message/Command/Order/OrderPaymentCommand.php,OrderPaymentCommand,class,Message,Command,OrderPaymentCommand,src/Command/Command/Order/OrderPaymentCommand.php,wrong_layer_or_path|namespace_drift,review_or_move
src/Message/Command/Order/OrderPlaceCommand.php,OrderPlaceCommand,class,Message,Command,OrderPlaceCommand,src/Command/Command/Order/OrderPlaceCommand.php,wrong_layer_or_path|namespace_drift,review_or_move
src/Message/Command/Order/OrderRefundCommand.php,OrderRefundCommand,class,Message,Command,OrderRefundCommand,src/Command/Command/Order/OrderRefundCommand.php,wrong_layer_or_path|namespace_drift,review_or_move
src/Message/Command/Order/OrderShipmentCommand.php,OrderShipmentCommand,class,Message,Command,OrderShipmentCommand,src/Command/Command/Order/OrderShipmentCommand.php,wrong_layer_or_path|namespace_drift,review_or_move
src/Message/Command/Order/RecalculateOrderPricingCommand.php,RecalculateOrderPricingCommand,,Message,Command,RecalculateOrderPricingCommand,src/Command/Command/Order/RecalculateOrderPricingCommand.php,missing_classlike_declaration|wrong_layer_or_path|namespace_drift,review_or_move
src/Message/Command/OrderCreateCommand.php,OrderCreateCommand,class,Message,Command,OrderCreateCommand,src/Command/Command/OrderCreateCommand.php,wrong_layer_or_path|namespace_drift,review_or_move
src/Message/Command/OrderPayCommand.php,OrderPayCommand,class,Message,Command,OrderPayCommand,src/Command/Command/OrderPayCommand.php,wrong_layer_or_path|namespace_drift,review_or_move
src/Message/Command/RetryOrderSagaCommand.php,RetryOrderSagaCommand,class,Message,Command,RetryOrderSagaCommand,src/Command/Command/RetryOrderSagaCommand.php,wrong_layer_or_path|namespace_drift,review_or_move
src/Message/Command/StartOrderSagaCommand.php,StartOrderSagaCommand,class,Message,Command,StartOrderSagaCommand,src/Command/Command/StartOrderSagaCommand.php,wrong_layer_or_path|namespace_drift,review_or_move
src/Message/Domain/Order/OrderDomainMessage.php,OrderDomainMessage,class,Message,Message,OrderDomainMessage,src/Message/Domain/Order/OrderDomainMessage.php,,keep
src/Message/Handler/Order/OrderPartialPayHandler.php,OrderPartialPayHandler,class,Message,MessageHandler,OrderPartialPayHandler,src/MessageHandler/Handler/Order/OrderPartialPayHandler.php,wrong_layer_or_path|namespace_drift,review_or_move
src/Message/Handler/Order/OrderPartialPaymentHandler.php,OrderPartialPaymentHandler,class,Message,MessageHandler,OrderPartialPaymentHandler,src/MessageHandler/Handler/Order/OrderPartialPaymentHandler.php,wrong_layer_or_path|namespace_drift,review_or_move
src/Message/Handler/Order/OrderPartialRefundHandler.php,OrderPartialRefundHandler,class,Message,MessageHandler,OrderPartialRefundHandler,src/MessageHandler/Handler/Order/OrderPartialRefundHandler.php,wrong_layer_or_path|namespace_drift,review_or_move
src/Message/Handler/Order/OrderPartialShipHandler.php,OrderPartialShipHandler,class,Message,MessageHandler,OrderPartialShipHandler,src/MessageHandler/Handler/Order/OrderPartialShipHandler.php,wrong_layer_or_path|namespace_drift,review_or_move
src/Message/Handler/Order/OrderRefundHandler.php,OrderRefundHandler,class,Message,MessageHandler,OrderRefundHandler,src/MessageHandler/Handler/Order/OrderRefundHandler.php,wrong_layer_or_path|namespace_drift,review_or_move
src/Message/Handler/Order/RecalculateOrderPricingHandler.php,RecalculateOrderPricingHandler,class,Message,MessageHandler,RecalculateOrderPricingHandler,src/MessageHandler/Handler/Order/RecalculateOrderPricingHandler.php,wrong_layer_or_path|namespace_drift,review_or_move
src/Message/Handler/OrderCreateHandler.php,OrderCreateHandler,class,Message,MessageHandler,OrderCreateHandler,src/MessageHandler/Handler/OrderCreateHandler.php,wrong_layer_or_path|namespace_drift,review_or_move
src/Message/Handler/OrderPayHandler.php,OrderPayHandler,class,Message,MessageHandler,OrderPayHandler,src/MessageHandler/Handler/OrderPayHandler.php,wrong_layer_or_path|namespace_drift,review_or_move
src/Message/Legacy/Order/OrderPartialPaymentCommand.php,OrderPartialPaymentCommand,class,Message,Command,OrderPartialPaymentCommand,src/Command/Legacy/Order/OrderPartialPaymentCommand.php,wrong_layer_or_path|namespace_drift,review_or_move
src/Message/Legacy/Order/OrderRefundCommand.php,OrderRefundCommand,class,Message,Command,OrderRefundCommand,src/Command/Legacy/Order/OrderRefundCommand.php,wrong_layer_or_path|namespace_drift,review_or_move
src/Message/OrderEventMessage.php,OrderEventMessage,class,Message,Message,OrderEventMessage,src/Message/OrderEventMessage.php,,keep
src/Message/OrderMessage.php,OrderMessage,class,Message,Message,OrderMessage,src/Message/OrderMessage.php,,keep
src/MessageHandler/FlakyHandler.php,FlakyHandler,class,MessageHandler,MessageHandler,FlakyHandler,src/MessageHandler/FlakyHandler.php,,keep
src/MessageHandler/OrderEventMessageHandler.php,OrderEventMessageHandler,class,MessageHandler,MessageHandler,OrderEventMessageHandler,src/MessageHandler/OrderEventMessageHandler.php,,keep
src/MessageHandler/OrderMessageHandler.php,OrderMessageHandler,class,MessageHandler,MessageHandler,OrderMessageHandler,src/MessageHandler/OrderMessageHandler.php,,keep
src/Messenger/Message/OutboxDispatchedMessage.php,OutboxDispatchedMessage,class,Messenger,Messenger,OutboxDispatchedMessage,src/Messenger/Message/OutboxDispatchedMessage.php,,keep
src/Messenger/Middleware/IdempotencyMiddleware.php,IdempotencyMiddleware,class,Messenger,Middleware,IdempotencyMiddleware,src/Middleware/Middleware/IdempotencyMiddleware.php,wrong_layer_or_path|namespace_drift,review_or_move
src/Messenger/Middleware/IdempotencyStoreInterface.php,IdempotencyStoreInterface,interface,Messenger,ServiceInterface,IdempotencyStoreInterface,src/ServiceInterface/Middleware/IdempotencyStoreInterface.php,wrong_layer_or_path|namespace_drift,review_or_move
src/Messenger/Middleware/InMemoryIdempotencyStore.php,InMemoryIdempotencyStore,class,Messenger,Messenger,InMemoryIdempotencyStore,src/Messenger/Middleware/InMemoryIdempotencyStore.php,,keep
src/Middleware/IdempotencyMiddleware.php,IdempotencyMiddleware,class,Middleware,Middleware,IdempotencyMiddleware,src/Middleware/IdempotencyMiddleware.php,,keep
src/Model/Order/Billing/OrderInvoice.php,OrderInvoice,class,Model,Model,OrderInvoice,src/Model/Order/Billing/OrderInvoice.php,,keep
src/Model/Order/Billing/OrderPaymentIntent.php,OrderPaymentIntent,class,Model,Model,OrderPaymentIntent,src/Model/Order/Billing/OrderPaymentIntent.php,,keep
src/Model/Order/Billing/OrderTransaction.php,OrderTransaction,class,Model,Model,OrderTransaction,src/Model/Order/Billing/OrderTransaction.php,,keep
src/Monitoring/MetricsRegistry.php,MetricsRegistry,class,Monitoring,Monitoring,MetricsRegistry,src/Monitoring/MetricsRegistry.php,,keep
src/OpenApi/OrderOpenApiFactory.php,OrderOpenApiFactory,class,OpenApi,Factory,OrderOpenApiFactory,src/Factory/OrderOpenApiFactory.php,wrong_layer_or_path|namespace_drift,review_or_move
src/OrderComponentBundle.php,OrderComponentBundle,class,OrderComponentBundle.php,OrderComponentBundle.php,OrderComponentBundle,src/OrderComponentBundle.php/OrderComponentBundle.php,wrong_layer_or_path|namespace_drift,review_or_move
src/Projector/ReadModel/Order/OrderMetricsProjector.php,OrderMetricsProjector,class,Projector,Projector,OrderMetricsProjector,src/Projector/ReadModel/Order/OrderMetricsProjector.php,,keep
src/RateLimiter/TenantKeyResolver.php,TenantKeyResolver,class,RateLimiter,RateLimiter,TenantKeyResolver,src/RateLimiter/TenantKeyResolver.php,,keep
src/ReadModel/Api/Controller/CustomerOrdersViewAction.php,CustomerOrdersViewAction,class,ReadModel,Controller,CustomerOrdersViewActionController,src/Controller/Api/Controller/CustomerOrdersViewActionController.php,missing_or_wrong_suffix|wrong_layer_or_path|namespace_drift,review_or_move
src/ReadModel/Command/SyncReadModelsCommand.php,SyncReadModelsCommand,class,ReadModel,Command,SyncReadModelsCommand,src/Command/Command/SyncReadModelsCommand.php,wrong_layer_or_path|namespace_drift,review_or_move
src/ReadModel/Entity/OrderCustomerOrdersView.php,OrderCustomerOrdersView,class,ReadModel,ReadModel,OrderCustomerOrdersView,src/ReadModel/Entity/OrderCustomerOrdersView.php,,keep
src/ReadModel/Entity/OrderView.php,OrderView,class,ReadModel,ReadModel,OrderView,src/ReadModel/Entity/OrderView.php,,keep
src/ReadModel/OrderMetrics/OrderMetrics.php,OrderMetrics,class,ReadModel,ReadModel,OrderMetrics,src/ReadModel/OrderMetrics/OrderMetrics.php,,keep
src/ReadModel/Repository/OrderReadRepository.php,OrderReadRepository,class,ReadModel,Repository,OrderReadRepository,src/Repository/Repository/OrderReadRepository.php,wrong_layer_or_path|namespace_drift,review_or_move
src/ReadModel/Service/OrderReadModelProjector.php,OrderReadModelProjector,class,ReadModel,Projector,OrderReadModelProjector,src/Projector/Service/OrderReadModelProjector.php,wrong_layer_or_path|namespace_drift,review_or_move
src/ReadModel/Service/OrderReadModelUpdater.php,OrderReadModelUpdater,class,ReadModel,ReadModel,OrderReadModelUpdater,src/ReadModel/Service/OrderReadModelUpdater.php,,keep
src/ReadModel/ServiceInterface/Order/OrderReadModelUpdaterInterface.php,OrderReadModelUpdaterInterface,interface,ReadModel,ServiceInterface,OrderReadModelUpdaterInterface,src/ServiceInterface/ServiceInterface/Order/OrderReadModelUpdaterInterface.php,wrong_layer_or_path|namespace_drift,review_or_move
src/ReadModel/Subscriber/OrderEventProjectorSubscriber.php,OrderEventProjectorSubscriber,class,ReadModel,Subscriber,OrderEventProjectorSubscriber,src/Subscriber/Subscriber/OrderEventProjectorSubscriber.php,wrong_layer_or_path|namespace_drift,review_or_move
src/Repository/Order/IdempotencyKeyRepository.php,IdempotencyKeyRepository,class,Repository,Repository,IdempotencyKeyRepository,src/Repository/Order/IdempotencyKeyRepository.php,,keep
src/Repository/Order/OrderEventRepository.php,OrderEventRepository,class,Repository,Repository,OrderEventRepository,src/Repository/Order/OrderEventRepository.php,,keep
src/Repository/Order/OrderPaymentTransactionRepository.php,OrderPaymentTransactionRepository,class,Repository,Repository,OrderPaymentTransactionRepository,src/Repository/Order/OrderPaymentTransactionRepository.php,,keep
src/Repository/Order/OrderRefundTransactionRepository.php,OrderRefundTransactionRepository,class,Repository,Repository,OrderRefundTransactionRepository,src/Repository/Order/OrderRefundTransactionRepository.php,,keep
src/Repository/Order/OrderShipmentViewRepository.php,OrderShipmentViewRepository,class,Repository,Repository,OrderShipmentViewRepository,src/Repository/Order/OrderShipmentViewRepository.php,,keep
src/Repository/Order/OrderStockReservationRepository.php,OrderStockReservationRepository,class,Repository,Repository,OrderStockReservationRepository,src/Repository/Order/OrderStockReservationRepository.php,,keep
src/Repository/Order/OutboxRepository.php,OutboxRepository,class,Repository,Repository,OutboxRepository,src/Repository/Order/OutboxRepository.php,,keep
src/Repository/Order/WebhookLogRepository.php,WebhookLogRepository,class,Repository,Repository,WebhookLogRepository,src/Repository/Order/WebhookLogRepository.php,,keep
src/Repository/Outbox/OutboxMessageRepository.php,OutboxMessageRepository,class,Repository,Repository,OutboxMessageRepository,src/Repository/Outbox/OutboxMessageRepository.php,,keep
src/RepositoryInterface/Order/OrderEventRepositoryInterface.php,OrderEventRepositoryInterface,interface,RepositoryInterface,RepositoryInterface,OrderEventRepositoryInterface,src/RepositoryInterface/Order/OrderEventRepositoryInterface.php,,keep
src/RepositoryInterface/Order/OrderPaymentTransactionRepositoryInterface.php,OrderPaymentTransactionRepositoryInterface,interface,RepositoryInterface,RepositoryInterface,OrderPaymentTransactionRepositoryInterface,src/RepositoryInterface/Order/OrderPaymentTransactionRepositoryInterface.php,,keep
src/RepositoryInterface/Order/OrderRefundTransactionRepositoryInterface.php,OrderRefundTransactionRepositoryInterface,interface,RepositoryInterface,RepositoryInterface,OrderRefundTransactionRepositoryInterface,src/RepositoryInterface/Order/OrderRefundTransactionRepositoryInterface.php,,keep
src/RepositoryInterface/Order/OrderShipmentViewRepositoryInterface.php,OrderShipmentViewRepositoryInterface,interface,RepositoryInterface,RepositoryInterface,OrderShipmentViewRepositoryInterface,src/RepositoryInterface/Order/OrderShipmentViewRepositoryInterface.php,,keep
src/RepositoryInterface/Order/OrderStockReservationRepositoryInterface.php,OrderStockReservationRepositoryInterface,interface,RepositoryInterface,RepositoryInterface,OrderStockReservationRepositoryInterface,src/RepositoryInterface/Order/OrderStockReservationRepositoryInterface.php,,keep
src/RepositoryInterface/Order/OutboxRepositoryInterface.php,OutboxRepositoryInterface,interface,RepositoryInterface,RepositoryInterface,OutboxRepositoryInterface,src/RepositoryInterface/Order/OutboxRepositoryInterface.php,,keep
src/Resources/config/services.php,services,,Resources,Resources,services,src/Resources/config/services.php,missing_namespace|missing_classlike_declaration,review_or_move
src/Saga/OrderSaga.php,OrderSaga,,Saga,Saga,OrderSaga,src/Saga/OrderSaga.php,missing_classlike_declaration,review_or_move
src/Security/Jwt/JwtTenantResolver.php,JwtTenantResolver,class,Security,Security,JwtTenantResolver,src/Security/Jwt/JwtTenantResolver.php,,keep
src/Security/JwtScopeVoter.php,JwtScopeVoter,class,Security,Voter,JwtScopeVoter,src/Voter/JwtScopeVoter.php,wrong_layer_or_path|namespace_drift,review_or_move
src/Security/WebhookSignatureVerifier.php,WebhookSignatureVerifier,class,Security,Security,WebhookSignatureVerifier,src/Security/WebhookSignatureVerifier.php,,keep
src/Service/Analytics/Order/AuditLoggerService.php,AuditLoggerService,class,Service,Service,AuditLoggerService,src/Service/Analytics/Order/AuditLoggerService.php,,keep
src/Service/Analytics/Order/BigQueryExportSink.php,BigQueryExportSink,class,Service,Service,BigQueryExportSinkService,src/Service/Analytics/Order/BigQueryExportSinkService.php,missing_or_wrong_suffix|wrong_layer_or_path,review_or_move
src/Service/Analytics/Order/ClickHouseExportSink.php,ClickHouseExportSink,class,Service,Service,ClickHouseExportSinkService,src/Service/Analytics/Order/ClickHouseExportSinkService.php,missing_or_wrong_suffix|wrong_layer_or_path,review_or_move
src/Service/Analytics/Order/MetricsProjectionService.php,MetricsProjectionService,class,Service,Service,MetricsProjectionService,src/Service/Analytics/Order/MetricsProjectionService.php,,keep
src/Service/Analytics/Order/MetricsSubscriber.php,MetricsSubscriber,class,Service,Subscriber,MetricsSubscriber,src/Subscriber/Analytics/Order/MetricsSubscriber.php,wrong_layer_or_path|namespace_drift|non_service_inside_service_layer,review_or_move
src/Service/Analytics/Order/OrderMetrics.php,OrderMetrics,class,Service,Service,OrderMetricsService,src/Service/Analytics/Order/OrderMetricsService.php,missing_or_wrong_suffix|wrong_layer_or_path,review_or_move
src/Service/Analytics/Order/OrderMetricsAggregateView.php,OrderMetricsAggregateView,class,Service,Service,OrderMetricsAggregateViewService,src/Service/Analytics/Order/OrderMetricsAggregateViewService.php,missing_or_wrong_suffix|wrong_layer_or_path,review_or_move
src/Service/Analytics/Order/OrderMetricsAggregateViewRepository.php,OrderMetricsAggregateViewRepository,class,Service,Repository,OrderMetricsAggregateViewRepository,src/Repository/Analytics/Order/OrderMetricsAggregateViewRepository.php,wrong_layer_or_path|namespace_drift|non_service_inside_service_layer,review_or_move
src/Service/Analytics/Order/OrderMetricsAggregator.php,OrderMetricsAggregator,class,Service,Service,OrderMetricsAggregatorService,src/Service/Analytics/Order/OrderMetricsAggregatorService.php,missing_or_wrong_suffix|wrong_layer_or_path,review_or_move
src/Service/Analytics/Order/OrderMetricsProjection.php,OrderMetricsProjection,class,Service,Service,OrderMetricsProjectionService,src/Service/Analytics/Order/OrderMetricsProjectionService.php,missing_or_wrong_suffix|wrong_layer_or_path,review_or_move
src/Service/Analytics/Order/OrderMetricsProjectionService.php,OrderMetricsProjectionService,,Service,Service,OrderMetricsProjectionService,src/Service/Analytics/Order/OrderMetricsProjectionService.php,missing_classlike_declaration,review_or_move
src/Service/Analytics/Order/OrderMetricsProjector.php,OrderMetricsProjector,class,Service,Projector,OrderMetricsProjector,src/Projector/Analytics/Order/OrderMetricsProjector.php,wrong_layer_or_path|namespace_drift|non_service_inside_service_layer,review_or_move
src/Service/Analytics/Order/OrderMetricsQueryService.php,OrderMetricsQueryService,class,Service,Service,OrderMetricsQueryService,src/Service/Analytics/Order/OrderMetricsQueryService.php,,keep
src/Service/Analytics/Order/OrderMetricsRollupAggregator.php,OrderMetricsRollupAggregator,class,Service,Service,OrderMetricsRollupAggregatorService,src/Service/Analytics/Order/OrderMetricsRollupAggregatorService.php,missing_or_wrong_suffix|wrong_layer_or_path,review_or_move
src/Service/Analytics/Order/OrderMetricsRollupView.php,OrderMetricsRollupView,class,Service,Service,OrderMetricsRollupViewService,src/Service/Analytics/Order/OrderMetricsRollupViewService.php,missing_or_wrong_suffix|wrong_layer_or_path,review_or_move
src/Service/Analytics/Order/OrderMetricsRollupViewRepository.php,OrderMetricsRollupViewRepository,class,Service,Repository,OrderMetricsRollupViewRepository,src/Repository/Analytics/Order/OrderMetricsRollupViewRepository.php,wrong_layer_or_path|namespace_drift|non_service_inside_service_layer,review_or_move
src/Service/Analytics/Order/OrderMetricsSubscriber.php,OrderMetricsSubscriber,,Service,Subscriber,OrderMetricsSubscriber,src/Subscriber/Analytics/Order/OrderMetricsSubscriber.php,missing_classlike_declaration|wrong_layer_or_path|namespace_drift|non_service_inside_service_layer,review_or_move
src/Service/Analytics/Order/OrderMetricsView.php,OrderMetricsView,class,Service,Service,OrderMetricsViewService,src/Service/Analytics/Order/OrderMetricsViewService.php,missing_or_wrong_suffix|wrong_layer_or_path,review_or_move
src/Service/Analytics/Order/OrderMetricsViewRepository.php,OrderMetricsViewRepository,class,Service,Repository,OrderMetricsViewRepository,src/Repository/Analytics/Order/OrderMetricsViewRepository.php,wrong_layer_or_path|namespace_drift|non_service_inside_service_layer,review_or_move
src/Service/Analytics/Order/PredictionService.php,PredictionService,class,Service,Service,PredictionService,src/Service/Analytics/Order/PredictionService.php,,keep
src/Service/Analytics/Order/RefundStatsView.php,RefundStatsView,class,Service,Service,RefundStatsViewService,src/Service/Analytics/Order/RefundStatsViewService.php,missing_or_wrong_suffix|wrong_layer_or_path,review_or_move
src/Service/Analytics/Order/VendorRevenueView.php,VendorRevenueView,class,Service,Service,VendorRevenueViewService,src/Service/Analytics/Order/VendorRevenueViewService.php,missing_or_wrong_suffix|wrong_layer_or_path,review_or_move
src/Service/Archival/Order/OrderArchivalService.php,OrderArchivalService,class,Service,Service,OrderArchivalService,src/Service/Archival/Order/OrderArchivalService.php,,keep
src/Service/Archival/Order/OrderAuditTrailBuilder.php,OrderAuditTrailBuilder,class,Service,Service,OrderAuditTrailBuilderService,src/Service/Archival/Order/OrderAuditTrailBuilderService.php,missing_or_wrong_suffix|wrong_layer_or_path,review_or_move
src/Service/Billing/Order/WebhookHandler.php,WebhookHandler,class,Service,MessageHandler,WebhookHandler,src/MessageHandler/Billing/Order/WebhookHandler.php,wrong_layer_or_path|namespace_drift|non_service_inside_service_layer,review_or_move
src/Service/Demo/OrderDemoDataService.php,OrderDemoDataService,class,Service,Service,OrderDemoDataService,src/Service/Demo/OrderDemoDataService.php,,keep
src/Service/Dispute/Order/DisputeService.php,DisputeService,class,Service,Service,DisputeService,src/Service/Dispute/Order/DisputeService.php,,keep
src/Service/Http/Order/AuditRotator.php,AuditRotator,class,Service,Service,AuditRotatorService,src/Service/Http/Order/AuditRotatorService.php,missing_or_wrong_suffix|wrong_layer_or_path,review_or_move
src/Service/Http/Order/CompositeAuditLogger.php,CompositeAuditLogger,class,Service,Service,CompositeAuditLoggerService,src/Service/Http/Order/CompositeAuditLoggerService.php,missing_or_wrong_suffix|wrong_layer_or_path,review_or_move
src/Service/Http/Order/MonologAuditLogger.php,MonologAuditLogger,class,Service,Service,MonologAuditLoggerService,src/Service/Http/Order/MonologAuditLoggerService.php,missing_or_wrong_suffix|wrong_layer_or_path,review_or_move
src/Service/Http/Order/MonologAuditSink.php,MonologAuditSink,class,Service,Service,MonologAuditSinkService,src/Service/Http/Order/MonologAuditSinkService.php,missing_or_wrong_suffix|wrong_layer_or_path,review_or_move
src/Service/Http/Order/NdjsonAuditSink.php,NdjsonAuditSink,class,Service,Service,NdjsonAuditSinkService,src/Service/Http/Order/NdjsonAuditSinkService.php,missing_or_wrong_suffix|wrong_layer_or_path,review_or_move
src/Service/Http/Order/ProblemFactory.php,ProblemFactory,class,Service,Factory,ProblemFactory,src/Factory/Http/Order/ProblemFactory.php,wrong_layer_or_path|namespace_drift|non_service_inside_service_layer,review_or_move
src/Service/Http/Order/Redactor.php,Redactor,class,Service,Service,RedactorService,src/Service/Http/Order/RedactorService.php,missing_or_wrong_suffix|wrong_layer_or_path,review_or_move
src/Service/Http/Order/S3AuditShipper.php,S3AuditShipper,class,Service,Service,S3AuditShipperService,src/Service/Http/Order/S3AuditShipperService.php,missing_or_wrong_suffix|wrong_layer_or_path,review_or_move
src/Service/Http/Order/SinkRouter.php,SinkRouter,class,Service,Service,SinkRouterService,src/Service/Http/Order/SinkRouterService.php,missing_or_wrong_suffix|wrong_layer_or_path,review_or_move
src/Service/Http/Order/ViolationNormalizer.php,ViolationNormalizer,class,Service,Service,ViolationNormalizerService,src/Service/Http/Order/ViolationNormalizerService.php,missing_or_wrong_suffix|wrong_layer_or_path,review_or_move
src/Service/Inventory/InMemoryInventoryService.php,InMemoryInventoryService,class,Service,Service,InMemoryInventoryService,src/Service/Inventory/InMemoryInventoryService.php,,keep
src/Service/Inventory/Order/InMemoryInventoryGateway.php,InMemoryInventoryGateway,class,Service,Service,InMemoryInventoryGatewayService,src/Service/Inventory/Order/InMemoryInventoryGatewayService.php,missing_or_wrong_suffix|wrong_layer_or_path,review_or_move
src/Service/Inventory/Order/InventoryReservationService.php,InventoryReservationService,class,Service,Service,InventoryReservationService,src/Service/Inventory/Order/InventoryReservationService.php,,keep
src/Service/Inventory/Order/InventoryService.php,InventoryService,class,Service,Service,InventoryService,src/Service/Inventory/Order/InventoryService.php,,keep
src/Service/Messaging/Order/TransactionalEventPublisher.php,TransactionalEventPublisher,class,Service,Service,TransactionalEventPublisherService,src/Service/Messaging/Order/TransactionalEventPublisherService.php,missing_or_wrong_suffix|wrong_layer_or_path,review_or_move
src/Service/Observability/Order/MonologApiMetric.php,MonologApiMetric,class,Service,Service,MonologApiMetricService,src/Service/Observability/Order/MonologApiMetricService.php,missing_or_wrong_suffix|wrong_layer_or_path,review_or_move
src/Service/Observability/Order/MonologTelemetry.php,MonologTelemetry,class,Service,Service,MonologTelemetryService,src/Service/Observability/Order/MonologTelemetryService.php,missing_or_wrong_suffix|wrong_layer_or_path,review_or_move
src/Service/OrderSummaryProvider.php,OrderSummaryProvider,class,Service,Provider,OrderSummaryProvider,src/Provider/OrderSummaryProvider.php,wrong_layer_or_path|namespace_drift|non_service_inside_service_layer,review_or_move
src/Service/Outbox/IdempotencyGuard.php,IdempotencyGuard,class,Service,Service,IdempotencyGuardService,src/Service/Outbox/IdempotencyGuardService.php,missing_or_wrong_suffix|wrong_layer_or_path,review_or_move
src/Service/Outbox/Order/DlqPublisher.php,DlqPublisher,class,Service,Service,DlqPublisherService,src/Service/Outbox/Order/DlqPublisherService.php,missing_or_wrong_suffix|wrong_layer_or_path,review_or_move
src/Service/Outbox/Order/DlqService.php,DlqService,class,Service,Service,DlqService,src/Service/Outbox/Order/DlqService.php,,keep
src/Service/Outbox/Order/ExponentialBackoffStrategy.php,ExponentialBackoffStrategy,class,Service,Service,ExponentialBackoffStrategyService,src/Service/Outbox/Order/ExponentialBackoffStrategyService.php,missing_or_wrong_suffix|wrong_layer_or_path,review_or_move
src/Service/Outbox/Order/OutboxRelay.php,OutboxRelay,class,Service,Service,OutboxRelayService,src/Service/Outbox/Order/OutboxRelayService.php,missing_or_wrong_suffix|wrong_layer_or_path,review_or_move
src/Service/Outbox/OutboxMessengerDispatcher.php,OutboxMessengerDispatcher,class,Service,Service,OutboxMessengerDispatcherService,src/Service/Outbox/OutboxMessengerDispatcherService.php,missing_or_wrong_suffix|wrong_layer_or_path,review_or_move
src/Service/Outbox/OutboxProcessor.php,OutboxProcessor,class,Service,Processor,OutboxProcessor,src/Processor/Outbox/OutboxProcessor.php,wrong_layer_or_path|namespace_drift|non_service_inside_service_layer,review_or_move
src/Service/Outbox/OutboxPublisher.php,OutboxPublisher,class,Service,Service,OutboxPublisherService,src/Service/Outbox/OutboxPublisherService.php,missing_or_wrong_suffix|wrong_layer_or_path,review_or_move
src/Service/Outbox/OutboxWriter.php,OutboxWriter,class,Service,Service,OutboxWriterService,src/Service/Outbox/OutboxWriterService.php,missing_or_wrong_suffix|wrong_layer_or_path,review_or_move
src/Service/Payment/Order/BillingService.php,BillingService,class,Service,Service,BillingService,src/Service/Payment/Order/BillingService.php,,keep
src/Service/Payment/Order/OrderBillingService.php,OrderBillingService,,Service,Service,OrderBillingService,src/Service/Payment/Order/OrderBillingService.php,missing_classlike_declaration,review_or_move
src/Service/Payment/Order/OrderPaymentCommandHandler.php,OrderPaymentCommandHandler,class,Service,MessageHandler,OrderPaymentCommandHandler,src/MessageHandler/Payment/Order/OrderPaymentCommandHandler.php,wrong_layer_or_path|namespace_drift|non_service_inside_service_layer,review_or_move
src/Service/Payment/Order/OrderPaymentProcessor.php,OrderPaymentProcessor,class,Service,Processor,OrderPaymentProcessor,src/Processor/Payment/Order/OrderPaymentProcessor.php,wrong_layer_or_path|namespace_drift|non_service_inside_service_layer,review_or_move
src/Service/Payment/Order/OrderPaymentReconciliationService.php,OrderPaymentReconciliationService,class,Service,Service,OrderPaymentReconciliationService,src/Service/Payment/Order/OrderPaymentReconciliationService.php,,keep
src/Service/Payment/Order/OrderPaymentService.php,OrderPaymentService,class,Service,Service,OrderPaymentService,src/Service/Payment/Order/OrderPaymentService.php,,keep
src/Service/Payment/Order/PartialPaymentService.php,PartialPaymentService,class,Service,Service,PartialPaymentService,src/Service/Payment/Order/PartialPaymentService.php,,keep
src/Service/Payment/Order/PayPalGateway.php,PayPalGateway,class,Service,Service,PayPalGatewayService,src/Service/Payment/Order/PayPalGatewayService.php,missing_or_wrong_suffix|wrong_layer_or_path,review_or_move
src/Service/Payment/Order/PaymentProcessor.php,PaymentProcessor,,Service,Processor,PaymentProcessor,src/Processor/Payment/Order/PaymentProcessor.php,missing_classlike_declaration|wrong_layer_or_path|namespace_drift|non_service_inside_service_layer,review_or_move
src/Service/Payment/Order/PaymentProcessorService.php,PaymentProcessorService,class,Service,Service,PaymentProcessorService,src/Service/Payment/Order/PaymentProcessorService.php,,keep
src/Service/Payment/Order/PaymentService.php,PaymentService,class,Service,Service,PaymentService,src/Service/Payment/Order/PaymentService.php,,keep
src/Service/Payment/Order/PaymentStateMachine.php,PaymentStateMachine,class,Service,Service,PaymentStateMachineService,src/Service/Payment/Order/PaymentStateMachineService.php,missing_or_wrong_suffix|wrong_layer_or_path,review_or_move
src/Service/Payment/Order/PaymentStatusSubscriber.php,PaymentStatusSubscriber,class,Service,Subscriber,PaymentStatusSubscriber,src/Subscriber/Payment/Order/PaymentStatusSubscriber.php,wrong_layer_or_path|namespace_drift|non_service_inside_service_layer,review_or_move
src/Service/Payment/Order/StripeGateway.php,StripeGateway,class,Service,Service,StripeGatewayService,src/Service/Payment/Order/StripeGatewayService.php,missing_or_wrong_suffix|wrong_layer_or_path,review_or_move
src/Service/Payment/OrderPaymentProcessorService.php,OrderPaymentProcessorService,class,Service,Service,OrderPaymentProcessorService,src/Service/Payment/OrderPaymentProcessorService.php,,keep
src/Service/Payment/PaymentProcessorService.php,PaymentProcessorService,class,Service,Service,PaymentProcessorService,src/Service/Payment/PaymentProcessorService.php,,keep
src/Service/Payment/StripeGateway.php,StripeGateway,class,Service,Service,StripeGatewayService,src/Service/Payment/StripeGatewayService.php,missing_or_wrong_suffix|wrong_layer_or_path,review_or_move
src/Service/Pricing/Order/AdvancedPriceCalculator.php,AdvancedPriceCalculator,class,Service,Service,AdvancedPriceCalculatorService,src/Service/Pricing/Order/AdvancedPriceCalculatorService.php,missing_or_wrong_suffix|wrong_layer_or_path,review_or_move
src/Service/Pricing/Order/CurrencyConversionService.php,CurrencyConversionService,class,Service,Service,CurrencyConversionService,src/Service/Pricing/Order/CurrencyConversionService.php,,keep
src/Service/Pricing/Order/DefaultPromotionStrategy.php,DefaultPromotionStrategy,class,Service,Service,DefaultPromotionStrategyService,src/Service/Pricing/Order/DefaultPromotionStrategyService.php,missing_or_wrong_suffix|wrong_layer_or_path,review_or_move
src/Service/Pricing/Order/DefaultTaxationStrategy.php,DefaultTaxationStrategy,class,Service,Service,DefaultTaxationStrategyService,src/Service/Pricing/Order/DefaultTaxationStrategyService.php,missing_or_wrong_suffix|wrong_layer_or_path,review_or_move
src/Service/Pricing/Order/EUTaxStrategy.php,EUTaxStrategy,class,Service,Service,EUTaxStrategyService,src/Service/Pricing/Order/EUTaxStrategyService.php,missing_or_wrong_suffix|wrong_layer_or_path,review_or_move
src/Service/Pricing/Order/FlatPromotionStrategy.php,FlatPromotionStrategy,class,Service,Service,FlatPromotionStrategyService,src/Service/Pricing/Order/FlatPromotionStrategyService.php,missing_or_wrong_suffix|wrong_layer_or_path,review_or_move
src/Service/Pricing/Order/FlatTaxStrategy.php,FlatTaxStrategy,class,Service,Service,FlatTaxStrategyService,src/Service/Pricing/Order/FlatTaxStrategyService.php,missing_or_wrong_suffix|wrong_layer_or_path,review_or_move
src/Service/Pricing/Order/FlatTaxationStrategy.php,FlatTaxationStrategy,class,Service,Service,FlatTaxationStrategyService,src/Service/Pricing/Order/FlatTaxationStrategyService.php,missing_or_wrong_suffix|wrong_layer_or_path,review_or_move
src/Service/Pricing/Order/InMemoryRateProvider.php,InMemoryRateProvider,class,Service,Provider,InMemoryRateProvider,src/Provider/Pricing/Order/InMemoryRateProvider.php,wrong_layer_or_path|namespace_drift|non_service_inside_service_layer,review_or_move
src/Service/Pricing/Order/NoTaxStrategy.php,NoTaxStrategy,class,Service,Service,NoTaxStrategyService,src/Service/Pricing/Order/NoTaxStrategyService.php,missing_or_wrong_suffix|wrong_layer_or_path,review_or_move
src/Service/Pricing/Order/OrderPricingService.php,OrderPricingService,class,Service,Service,OrderPricingService,src/Service/Pricing/Order/OrderPricingService.php,,keep
src/Service/Pricing/Order/OrderTaxationService.php,OrderTaxationService,class,Service,Service,OrderTaxationService,src/Service/Pricing/Order/OrderTaxationService.php,,keep
src/Service/Pricing/Order/PriceCalculator.php,PriceCalculator,class,Service,Service,PriceCalculatorService,src/Service/Pricing/Order/PriceCalculatorService.php,missing_or_wrong_suffix|wrong_layer_or_path,review_or_move
src/Service/Pricing/Order/PriceCalculatorService.php,PriceCalculatorService,class,Service,Service,PriceCalculatorService,src/Service/Pricing/Order/PriceCalculatorService.php,,keep
src/Service/Pricing/Order/ProgressiveTaxStrategy.php,ProgressiveTaxStrategy,class,Service,Service,ProgressiveTaxStrategyService,src/Service/Pricing/Order/ProgressiveTaxStrategyService.php,missing_or_wrong_suffix|wrong_layer_or_path,review_or_move
src/Service/Pricing/Order/TaxationConfigLoader.php,TaxationConfigLoader,class,Service,Service,TaxationConfigLoaderService,src/Service/Pricing/Order/TaxationConfigLoaderService.php,missing_or_wrong_suffix|wrong_layer_or_path,review_or_move
src/Service/Pricing/Order/VatExclusiveStrategy.php,VatExclusiveStrategy,class,Service,Service,VatExclusiveStrategyService,src/Service/Pricing/Order/VatExclusiveStrategyService.php,missing_or_wrong_suffix|wrong_layer_or_path,review_or_move
src/Service/Pricing/Order/VatInclusiveStrategy.php,VatInclusiveStrategy,class,Service,Service,VatInclusiveStrategyService,src/Service/Pricing/Order/VatInclusiveStrategyService.php,missing_or_wrong_suffix|wrong_layer_or_path,review_or_move
src/Service/Refund/Order/OrderRefundCommandHandler.php,OrderRefundCommandHandler,class,Service,MessageHandler,OrderRefundCommandHandler,src/MessageHandler/Refund/Order/OrderRefundCommandHandler.php,wrong_layer_or_path|namespace_drift|non_service_inside_service_layer,review_or_move
src/Service/Refund/Order/OrderRefundService.php,OrderRefundService,class,Service,Service,OrderRefundService,src/Service/Refund/Order/OrderRefundService.php,,keep
src/Service/Refund/Order/OrderServiceHook.php,OrderServiceHook,class,Service,Service,OrderServiceHookService,src/Service/Refund/Order/OrderServiceHookService.php,missing_or_wrong_suffix|wrong_layer_or_path,review_or_move
src/Service/Refund/Order/RefundEligibilityService.php,RefundEligibilityService,class,Service,Service,RefundEligibilityService,src/Service/Refund/Order/RefundEligibilityService.php,,keep
src/Service/Refund/Order/RefundPolicyService.php,RefundPolicyService,class,Service,Service,RefundPolicyService,src/Service/Refund/Order/RefundPolicyService.php,,keep
src/Service/Refund/Order/RefundProcessor.php,RefundProcessor,class,Service,Processor,RefundProcessor,src/Processor/Refund/Order/RefundProcessor.php,wrong_layer_or_path|namespace_drift|non_service_inside_service_layer,review_or_move
src/Service/Refund/Order/ReturnPolicyService.php,ReturnPolicyService,class,Service,Service,ReturnPolicyService,src/Service/Refund/Order/ReturnPolicyService.php,,keep
src/Service/Security/Order/ContinueOrderSagaCommand.php,ContinueOrderSagaCommand,class,Service,Command,ContinueOrderSagaCommand,src/Command/Security/Order/ContinueOrderSagaCommand.php,wrong_layer_or_path|namespace_drift|non_service_inside_service_layer,review_or_move
src/Service/Security/Order/CryptoService.php,CryptoService,class,Service,Service,CryptoService,src/Service/Security/Order/CryptoService.php,,keep
src/Service/Security/Order/CspMiddleware.php,CspMiddleware,class,Service,Middleware,CspMiddleware,src/Middleware/Security/Order/CspMiddleware.php,wrong_layer_or_path|namespace_drift|non_service_inside_service_layer,review_or_move
src/Service/Security/Order/DlqConsole.php,DlqConsole,class,Service,Command,DlqConsoleCommand,src/Command/Security/Order/DlqConsoleCommand.php,missing_or_wrong_suffix|wrong_layer_or_path|namespace_drift|non_service_inside_service_layer,review_or_move
src/Service/Security/Order/DomainEventsToOutboxSubscriber.php,DomainEventsToOutboxSubscriber,class,Service,Subscriber,DomainEventsToOutboxSubscriber,src/Subscriber/Security/Order/DomainEventsToOutboxSubscriber.php,wrong_layer_or_path|namespace_drift|non_service_inside_service_layer,review_or_move
src/Service/Security/Order/FileDlqRepository.php,FileDlqRepository,class,Service,Repository,FileDlqRepository,src/Repository/Security/Order/FileDlqRepository.php,wrong_layer_or_path|namespace_drift|non_service_inside_service_layer,review_or_move
src/Service/Security/Order/FileJwkRepository.php,FileJwkRepository,class,Service,Repository,FileJwkRepository,src/Repository/Security/Order/FileJwkRepository.php,wrong_layer_or_path|namespace_drift|non_service_inside_service_layer,review_or_move
src/Service/Security/Order/FlakyCommand.php,FlakyCommand,class,Service,Command,FlakyCommand,src/Command/Security/Order/FlakyCommand.php,wrong_layer_or_path|namespace_drift|non_service_inside_service_layer,review_or_move
src/Service/Security/Order/FlakyHandler.php,FlakyHandler,class,Service,MessageHandler,FlakyHandler,src/MessageHandler/Security/Order/FlakyHandler.php,wrong_layer_or_path|namespace_drift|non_service_inside_service_layer,review_or_move
src/Service/Security/Order/HttpIdempotencyGuard.php,HttpIdempotencyGuard,class,Service,Service,HttpIdempotencyGuardService,src/Service/Security/Order/HttpIdempotencyGuardService.php,missing_or_wrong_suffix|wrong_layer_or_path,review_or_move
src/Service/Security/Order/IdempotencyGuard.php,IdempotencyGuard,class,Service,Service,IdempotencyGuardService,src/Service/Security/Order/IdempotencyGuardService.php,missing_or_wrong_suffix|wrong_layer_or_path,review_or_move
src/Service/Security/Order/IdempotencyKeyPolicy.php,IdempotencyKeyPolicy,class,Service,Service,IdempotencyKeyPolicyService,src/Service/Security/Order/IdempotencyKeyPolicyService.php,missing_or_wrong_suffix|wrong_layer_or_path,review_or_move
src/Service/Security/Order/IdempotencyMiddleware.php,IdempotencyMiddleware,class,Service,Middleware,IdempotencyMiddleware,src/Middleware/Security/Order/IdempotencyMiddleware.php,wrong_layer_or_path|namespace_drift|non_service_inside_service_layer,review_or_move
src/Service/Security/Order/IdempotencyService.php,IdempotencyService,class,Service,Service,IdempotencyService,src/Service/Security/Order/IdempotencyService.php,,keep
src/Service/Security/Order/JwksIssuer.php,JwksIssuer,class,Service,Service,JwksIssuerService,src/Service/Security/Order/JwksIssuerService.php,missing_or_wrong_suffix|wrong_layer_or_path,review_or_move
src/Service/Security/Order/Kernel.php,Kernel,class,Service,Service,KernelService,src/Service/Security/Order/KernelService.php,missing_or_wrong_suffix|wrong_layer_or_path,review_or_move
src/Service/Security/Order/KeyRotationManager.php,KeyRotationManager,class,Service,Service,KeyRotationManagerService,src/Service/Security/Order/KeyRotationManagerService.php,missing_or_wrong_suffix|wrong_layer_or_path,review_or_move
src/Service/Security/Order/MaskingService.php,MaskingService,class,Service,Service,MaskingService,src/Service/Security/Order/MaskingService.php,,keep
src/Service/Security/Order/MemoryIdempotencyStore.php,MemoryIdempotencyStore,class,Service,Service,MemoryIdempotencyStoreService,src/Service/Security/Order/MemoryIdempotencyStoreService.php,missing_or_wrong_suffix|wrong_layer_or_path,review_or_move
src/Service/Security/Order/OrderApiRateLimitListener.php,OrderApiRateLimitListener,class,Service,Listener,OrderApiRateLimitListener,src/Listener/Security/Order/OrderApiRateLimitListener.php,wrong_layer_or_path|namespace_drift|non_service_inside_service_layer,review_or_move
src/Service/Security/Order/OrderCancelCommand.php,OrderCancelCommand,class,Service,Command,OrderCancelCommand,src/Command/Security/Order/OrderCancelCommand.php,wrong_layer_or_path|namespace_drift|non_service_inside_service_layer,review_or_move
src/Service/Security/Order/OrderContextProcessor.php,OrderContextProcessor,class,Service,Processor,OrderContextProcessor,src/Processor/Security/Order/OrderContextProcessor.php,wrong_layer_or_path|namespace_drift|non_service_inside_service_layer,review_or_move
src/Service/Security/Order/OrderCreateCommand.php,OrderCreateCommand,class,Service,Command,OrderCreateCommand,src/Command/Security/Order/OrderCreateCommand.php,wrong_layer_or_path|namespace_drift|non_service_inside_service_layer,review_or_move
src/Service/Security/Order/OrderCreateHandler.php,OrderCreateHandler,class,Service,MessageHandler,OrderCreateHandler,src/MessageHandler/Security/Order/OrderCreateHandler.php,wrong_layer_or_path|namespace_drift|non_service_inside_service_layer,review_or_move
src/Service/Security/Order/OrderDeadLetterHandler.php,OrderDeadLetterHandler,class,Service,MessageHandler,OrderDeadLetterHandler,src/MessageHandler/Security/Order/OrderDeadLetterHandler.php,wrong_layer_or_path|namespace_drift|non_service_inside_service_layer,review_or_move
src/Service/Security/Order/OrderDeleteProcessor.php,OrderDeleteProcessor,class,Service,Processor,OrderDeleteProcessor,src/Processor/Security/Order/OrderDeleteProcessor.php,wrong_layer_or_path|namespace_drift|non_service_inside_service_layer,review_or_move
src/Service/Security/Order/OrderDemoService.php,OrderDemoService,class,Service,Service,OrderDemoService,src/Service/Security/Order/OrderDemoService.php,,keep
src/Service/Security/Order/OrderDomainMessage.php,OrderDomainMessage,class,Service,Service,OrderDomainMessageService,src/Service/Security/Order/OrderDomainMessageService.php,missing_or_wrong_suffix|wrong_layer_or_path,review_or_move
src/Service/Security/Order/OrderDomainMessageHandler.php,OrderDomainMessageHandler,class,Service,MessageHandler,OrderDomainMessageHandler,src/MessageHandler/Security/Order/OrderDomainMessageHandler.php,wrong_layer_or_path|namespace_drift|non_service_inside_service_layer,review_or_move
src/Service/Security/Order/OrderEntityToResourceTransformer.php,OrderEntityToResourceTransformer,class,Service,Transformer,OrderEntityToResourceTransformer,src/Transformer/Security/Order/OrderEntityToResourceTransformer.php,wrong_layer_or_path|namespace_drift|non_service_inside_service_layer,review_or_move
src/Service/Security/Order/OrderEventMessageHandler.php,OrderEventMessageHandler,class,Service,MessageHandler,OrderEventMessageHandler,src/MessageHandler/Security/Order/OrderEventMessageHandler.php,wrong_layer_or_path|namespace_drift|non_service_inside_service_layer,review_or_move
src/Service/Security/Order/OrderFactory.php,OrderFactory,class,Service,Factory,OrderFactory,src/Factory/Security/Order/OrderFactory.php,wrong_layer_or_path|namespace_drift|non_service_inside_service_layer,review_or_move
src/Service/Security/Order/OrderIdempotencyGuard.php,OrderIdempotencyGuard,,Service,Service,OrderIdempotencyGuardService,src/Service/Security/Order/OrderIdempotencyGuardService.php,missing_classlike_declaration|missing_or_wrong_suffix|wrong_layer_or_path,review_or_move
src/Service/Security/Order/OrderIdempotencyService.php,OrderIdempotencyService,class,Service,Service,OrderIdempotencyService,src/Service/Security/Order/OrderIdempotencyService.php,,keep
src/Service/Security/Order/OrderMessageHandler.php,OrderMessageHandler,class,Service,MessageHandler,OrderMessageHandler,src/MessageHandler/Security/Order/OrderMessageHandler.php,wrong_layer_or_path|namespace_drift|non_service_inside_service_layer,review_or_move
src/Service/Security/Order/OrderOpenApiFactory.php,OrderOpenApiFactory,class,Service,Factory,OrderOpenApiFactory,src/Factory/Security/Order/OrderOpenApiFactory.php,wrong_layer_or_path|namespace_drift|non_service_inside_service_layer,review_or_move
src/Service/Security/Order/OrderPartialPayCommand.php,OrderPartialPayCommand,class,Service,Command,OrderPartialPayCommand,src/Command/Security/Order/OrderPartialPayCommand.php,wrong_layer_or_path|namespace_drift|non_service_inside_service_layer,review_or_move
src/Service/Security/Order/OrderPartialPayHandler.php,OrderPartialPayHandler,class,Service,MessageHandler,OrderPartialPayHandler,src/MessageHandler/Security/Order/OrderPartialPayHandler.php,wrong_layer_or_path|namespace_drift|non_service_inside_service_layer,review_or_move
src/Service/Security/Order/OrderPartialPaymentCommand.php,OrderPartialPaymentCommand,class,Service,Command,OrderPartialPaymentCommand,src/Command/Security/Order/OrderPartialPaymentCommand.php,wrong_layer_or_path|namespace_drift|non_service_inside_service_layer,review_or_move
src/Service/Security/Order/OrderPartialPaymentCommandHandler.php,OrderPartialPaymentCommandHandler,class,Service,MessageHandler,OrderPartialPaymentCommandHandler,src/MessageHandler/Security/Order/OrderPartialPaymentCommandHandler.php,wrong_layer_or_path|namespace_drift|non_service_inside_service_layer,review_or_move
src/Service/Security/Order/OrderPartialPaymentHandler.php,OrderPartialPaymentHandler,class,Service,MessageHandler,OrderPartialPaymentHandler,src/MessageHandler/Security/Order/OrderPartialPaymentHandler.php,wrong_layer_or_path|namespace_drift|non_service_inside_service_layer,review_or_move
src/Service/Security/Order/OrderPartialPaymentProcessor.php,OrderPartialPaymentProcessor,class,Service,Processor,OrderPartialPaymentProcessor,src/Processor/Security/Order/OrderPartialPaymentProcessor.php,wrong_layer_or_path|namespace_drift|non_service_inside_service_layer,review_or_move
src/Service/Security/Order/OrderPartialRefundCommand.php,OrderPartialRefundCommand,class,Service,Command,OrderPartialRefundCommand,src/Command/Security/Order/OrderPartialRefundCommand.php,wrong_layer_or_path|namespace_drift|non_service_inside_service_layer,review_or_move
src/Service/Security/Order/OrderPartialRefundHandler.php,OrderPartialRefundHandler,class,Service,MessageHandler,OrderPartialRefundHandler,src/MessageHandler/Security/Order/OrderPartialRefundHandler.php,wrong_layer_or_path|namespace_drift|non_service_inside_service_layer,review_or_move
src/Service/Security/Order/OrderPartialShipCommand.php,OrderPartialShipCommand,class,Service,Command,OrderPartialShipCommand,src/Command/Security/Order/OrderPartialShipCommand.php,wrong_layer_or_path|namespace_drift|non_service_inside_service_layer,review_or_move
src/Service/Security/Order/OrderPartialShipHandler.php,OrderPartialShipHandler,class,Service,MessageHandler,OrderPartialShipHandler,src/MessageHandler/Security/Order/OrderPartialShipHandler.php,wrong_layer_or_path|namespace_drift|non_service_inside_service_layer,review_or_move
src/Service/Security/Order/OrderPatchProcessor.php,OrderPatchProcessor,class,Service,Processor,OrderPatchProcessor,src/Processor/Security/Order/OrderPatchProcessor.php,wrong_layer_or_path|namespace_drift|non_service_inside_service_layer,review_or_move
src/Service/Security/Order/OrderPayCommand.php,OrderPayCommand,class,Service,Command,OrderPayCommand,src/Command/Security/Order/OrderPayCommand.php,wrong_layer_or_path|namespace_drift|non_service_inside_service_layer,review_or_move
src/Service/Security/Order/OrderPayHandler.php,OrderPayHandler,class,Service,MessageHandler,OrderPayHandler,src/MessageHandler/Security/Order/OrderPayHandler.php,wrong_layer_or_path|namespace_drift|non_service_inside_service_layer,review_or_move
src/Service/Security/Order/OrderPaymentCommand.php,OrderPaymentCommand,class,Service,Command,OrderPaymentCommand,src/Command/Security/Order/OrderPaymentCommand.php,wrong_layer_or_path|namespace_drift|non_service_inside_service_layer,review_or_move
src/Service/Security/Order/OrderPlaceCommand.php,OrderPlaceCommand,class,Service,Command,OrderPlaceCommand,src/Command/Security/Order/OrderPlaceCommand.php,wrong_layer_or_path|namespace_drift|non_service_inside_service_layer,review_or_move
src/Service/Security/Order/OrderPlaceProcessor.php,OrderPlaceProcessor,class,Service,Processor,OrderPlaceProcessor,src/Processor/Security/Order/OrderPlaceProcessor.php,wrong_layer_or_path|namespace_drift|non_service_inside_service_layer,review_or_move
src/Service/Security/Order/OrderPriceView.php,OrderPriceView,class,Service,Service,OrderPriceViewService,src/Service/Security/Order/OrderPriceViewService.php,missing_or_wrong_suffix|wrong_layer_or_path,review_or_move
src/Service/Security/Order/OrderRefundCommand.php,OrderRefundCommand,class,Service,Command,OrderRefundCommand,src/Command/Security/Order/OrderRefundCommand.php,wrong_layer_or_path|namespace_drift|non_service_inside_service_layer,review_or_move
src/Service/Security/Order/OrderRefundHandler.php,OrderRefundHandler,class,Service,MessageHandler,OrderRefundHandler,src/MessageHandler/Security/Order/OrderRefundHandler.php,wrong_layer_or_path|namespace_drift|non_service_inside_service_layer,review_or_move
src/Service/Security/Order/OrderRefundProcessor.php,OrderRefundProcessor,class,Service,Processor,OrderRefundProcessor,src/Processor/Security/Order/OrderRefundProcessor.php,wrong_layer_or_path|namespace_drift|non_service_inside_service_layer,review_or_move
src/Service/Security/Order/OrderResource.php,OrderResource,class,Service,ApiResource,OrderResource,src/ApiResource/Security/Order/OrderResource.php,wrong_layer_or_path|namespace_drift|non_service_inside_service_layer,review_or_move
src/Service/Security/Order/OrderResourceToEntityTransformer.php,OrderResourceToEntityTransformer,class,Service,Transformer,OrderResourceToEntityTransformer,src/Transformer/Security/Order/OrderResourceToEntityTransformer.php,wrong_layer_or_path|namespace_drift|non_service_inside_service_layer,review_or_move
src/Service/Security/Order/OrderService.php,OrderService,class,Service,Service,OrderService,src/Service/Security/Order/OrderService.php,,keep
src/Service/Security/Order/OrderShipmentCommand.php,OrderShipmentCommand,class,Service,Command,OrderShipmentCommand,src/Command/Security/Order/OrderShipmentCommand.php,wrong_layer_or_path|namespace_drift|non_service_inside_service_layer,review_or_move
src/Service/Security/Order/OrderShipmentCommandHandler.php,OrderShipmentCommandHandler,class,Service,MessageHandler,OrderShipmentCommandHandler,src/MessageHandler/Security/Order/OrderShipmentCommandHandler.php,wrong_layer_or_path|namespace_drift|non_service_inside_service_layer,review_or_move
src/Service/Security/Order/OrderTenantRateLimitListener.php,OrderTenantRateLimitListener,class,Service,Listener,OrderTenantRateLimitListener,src/Listener/Security/Order/OrderTenantRateLimitListener.php,wrong_layer_or_path|namespace_drift|non_service_inside_service_layer,review_or_move
src/Service/Security/Order/OutboxDispatchedMessage.php,OutboxDispatchedMessage,class,Service,Service,OutboxDispatchedMessageService,src/Service/Security/Order/OutboxDispatchedMessageService.php,missing_or_wrong_suffix|wrong_layer_or_path,review_or_move
src/Service/Security/Order/OutboxDispatchedMessageHandler.php,OutboxDispatchedMessageHandler,class,Service,MessageHandler,OutboxDispatchedMessageHandler,src/MessageHandler/Security/Order/OutboxDispatchedMessageHandler.php,wrong_layer_or_path|namespace_drift|non_service_inside_service_layer,review_or_move
src/Service/Security/Order/OutboxMessengerDispatcher.php,OutboxMessengerDispatcher,class,Service,Service,OutboxMessengerDispatcherService,src/Service/Security/Order/OutboxMessengerDispatcherService.php,missing_or_wrong_suffix|wrong_layer_or_path,review_or_move
src/Service/Security/Order/OutboxProcessor.php,OutboxProcessor,class,Service,Processor,OutboxProcessor,src/Processor/Security/Order/OutboxProcessor.php,wrong_layer_or_path|namespace_drift|non_service_inside_service_layer,review_or_move
src/Service/Security/Order/OutboxPublisher.php,OutboxPublisher,class,Service,Service,OutboxPublisherService,src/Service/Security/Order/OutboxPublisherService.php,missing_or_wrong_suffix|wrong_layer_or_path,review_or_move
src/Service/Security/Order/OutboxWriter.php,OutboxWriter,class,Service,Service,OutboxWriterService,src/Service/Security/Order/OutboxWriterService.php,missing_or_wrong_suffix|wrong_layer_or_path,review_or_move
src/Service/Security/Order/RecalculateOrderPricingCommand.php,RecalculateOrderPricingCommand,class,Service,Command,RecalculateOrderPricingCommand,src/Command/Security/Order/RecalculateOrderPricingCommand.php,wrong_layer_or_path|namespace_drift|non_service_inside_service_layer,review_or_move
src/Service/Security/Order/RecalculateOrderPricingHandler.php,RecalculateOrderPricingHandler,class,Service,MessageHandler,RecalculateOrderPricingHandler,src/MessageHandler/Security/Order/RecalculateOrderPricingHandler.php,wrong_layer_or_path|namespace_drift|non_service_inside_service_layer,review_or_move
src/Service/Security/Order/RetryOrderSagaCommand.php,RetryOrderSagaCommand,class,Service,Command,RetryOrderSagaCommand,src/Command/Security/Order/RetryOrderSagaCommand.php,wrong_layer_or_path|namespace_drift|non_service_inside_service_layer,review_or_move
src/Service/Security/Order/RetryStormGuard.php,RetryStormGuard,class,Service,Service,RetryStormGuardService,src/Service/Security/Order/RetryStormGuardService.php,missing_or_wrong_suffix|wrong_layer_or_path,review_or_move
src/Service/Security/Order/SecretRotationPolicy.php,SecretRotationPolicy,class,Service,Service,SecretRotationPolicyService,src/Service/Security/Order/SecretRotationPolicyService.php,missing_or_wrong_suffix|wrong_layer_or_path,review_or_move
src/Service/Security/Order/StartOrderSagaCommand.php,StartOrderSagaCommand,class,Service,Command,StartOrderSagaCommand,src/Command/Security/Order/StartOrderSagaCommand.php,wrong_layer_or_path|namespace_drift|non_service_inside_service_layer,review_or_move
src/Service/Security/Order/TenantKeyResolver.php,TenantKeyResolver,class,Service,Service,TenantKeyResolverService,src/Service/Security/Order/TenantKeyResolverService.php,missing_or_wrong_suffix|wrong_layer_or_path,review_or_move
src/Service/Security/Order/TransactionMiddleware.php,TransactionMiddleware,class,Service,Middleware,TransactionMiddleware,src/Middleware/Security/Order/TransactionMiddleware.php,wrong_layer_or_path|namespace_drift|non_service_inside_service_layer,review_or_move
src/Service/Security/Order/TransactionalEventPublisher.php,TransactionalEventPublisher,class,Service,Service,TransactionalEventPublisherService,src/Service/Security/Order/TransactionalEventPublisherService.php,missing_or_wrong_suffix|wrong_layer_or_path,review_or_move
src/Service/Security/Order/ValidSku.php,ValidSku,class,Service,Service,ValidSkuService,src/Service/Security/Order/ValidSkuService.php,missing_or_wrong_suffix|wrong_layer_or_path,review_or_move
src/Service/Security/Order/ValidSkuValidator.php,ValidSkuValidator,class,Service,Validator,ValidSkuValidator,src/Validator/Security/Order/ValidSkuValidator.php,wrong_layer_or_path|namespace_drift|non_service_inside_service_layer,review_or_move
src/Service/Security/Order/WorkerIdempotencyGuard.php,WorkerIdempotencyGuard,class,Service,Service,WorkerIdempotencyGuardService,src/Service/Security/Order/WorkerIdempotencyGuardService.php,missing_or_wrong_suffix|wrong_layer_or_path,review_or_move
src/Service/SensitiveData/CryptoService.php,CryptoService,class,Service,Service,CryptoService,src/Service/SensitiveData/CryptoService.php,,keep
src/Service/SensitiveData/MaskingService.php,MaskingService,class,Service,Service,MaskingService,src/Service/SensitiveData/MaskingService.php,,keep
src/Service/Shipment/Order/CarrierPollingService.php,CarrierPollingService,class,Service,Service,CarrierPollingService,src/Service/Shipment/Order/CarrierPollingService.php,,keep
src/Service/Shipment/Order/DHLGateway.php,DHLGateway,class,Service,Service,DHLGatewayService,src/Service/Shipment/Order/DHLGatewayService.php,missing_or_wrong_suffix|wrong_layer_or_path,review_or_move
src/Service/Shipment/Order/OrderShipmentProjectionService.php,OrderShipmentProjectionService,class,Service,Service,OrderShipmentProjectionService,src/Service/Shipment/Order/OrderShipmentProjectionService.php,,keep
src/Service/Shipment/Order/ShipmentService.php,ShipmentService,class,Service,Service,ShipmentService,src/Service/Shipment/Order/ShipmentService.php,,keep
src/Service/Shipment/Order/UPSGateway.php,UPSGateway,class,Service,Service,UPSGatewayService,src/Service/Shipment/Order/UPSGatewayService.php,missing_or_wrong_suffix|wrong_layer_or_path,review_or_move
src/Service/Shipment/OrderShipmentProcessorService.php,OrderShipmentProcessorService,class,Service,Service,OrderShipmentProcessorService,src/Service/Shipment/OrderShipmentProcessorService.php,,keep
src/Service/Shipment/ShipmentProcessorService.php,ShipmentProcessorService,class,Service,Service,ShipmentProcessorService,src/Service/Shipment/ShipmentProcessorService.php,,keep
src/Service/Shipment/UPSCarrier.php,UPSCarrier,class,Service,Service,UPSCarrierService,src/Service/Shipment/UPSCarrierService.php,missing_or_wrong_suffix|wrong_layer_or_path,review_or_move
src/Service/State/Order/DeliveryStateMachine.php,DeliveryStateMachine,class,Service,Service,DeliveryStateMachineService,src/Service/State/Order/DeliveryStateMachineService.php,missing_or_wrong_suffix|wrong_layer_or_path,review_or_move
src/Service/State/Order/OrderStateMachine.php,OrderStateMachine,class,Service,Service,OrderStateMachineService,src/Service/State/Order/OrderStateMachineService.php,missing_or_wrong_suffix|wrong_layer_or_path,review_or_move
src/Service/Subscriber/Order/AnalyticsSubscriber.php,AnalyticsSubscriber,class,Service,Subscriber,AnalyticsSubscriber,src/Subscriber/Order/AnalyticsSubscriber.php,wrong_layer_or_path|namespace_drift|non_service_inside_service_layer,review_or_move
src/Service/Subscriber/Order/ApiAuditSubscriber.php,ApiAuditSubscriber,class,Service,Subscriber,ApiAuditSubscriber,src/Subscriber/Order/ApiAuditSubscriber.php,wrong_layer_or_path|namespace_drift|non_service_inside_service_layer,review_or_move
src/Service/Subscriber/Order/EmailSubscriber.php,EmailSubscriber,class,Service,Subscriber,EmailSubscriber,src/Subscriber/Order/EmailSubscriber.php,wrong_layer_or_path|namespace_drift|non_service_inside_service_layer,review_or_move
src/Service/Subscriber/Order/OrderApiAuditSubscriber.php,OrderApiAuditSubscriber,class,Service,Subscriber,OrderApiAuditSubscriber,src/Subscriber/Order/OrderApiAuditSubscriber.php,wrong_layer_or_path|namespace_drift|non_service_inside_service_layer,review_or_move
src/Service/Subscriber/Order/OrderAuditSubscriber.php,OrderAuditSubscriber,class,Service,Subscriber,OrderAuditSubscriber,src/Subscriber/Order/OrderAuditSubscriber.php,wrong_layer_or_path|namespace_drift|non_service_inside_service_layer,review_or_move
src/Service/Subscriber/Order/OrderDisputeSubscriber.php,OrderDisputeSubscriber,class,Service,Subscriber,OrderDisputeSubscriber,src/Subscriber/Order/OrderDisputeSubscriber.php,wrong_layer_or_path|namespace_drift|non_service_inside_service_layer,review_or_move
src/Service/Subscriber/Order/OrderRefundEventSubscriber.php,OrderRefundEventSubscriber,class,Service,Subscriber,OrderRefundEventSubscriber,src/Subscriber/Order/OrderRefundEventSubscriber.php,wrong_layer_or_path|namespace_drift|non_service_inside_service_layer,review_or_move
src/Service/Subscriber/Order/OrderShipmentSubscriber.php,OrderShipmentSubscriber,class,Service,Subscriber,OrderShipmentSubscriber,src/Subscriber/Order/OrderShipmentSubscriber.php,wrong_layer_or_path|namespace_drift|non_service_inside_service_layer,review_or_move
src/Service/Subscriber/Order/OrderWorkflowGuardSubscriber.php,OrderWorkflowGuardSubscriber,class,Service,Subscriber,OrderWorkflowGuardSubscriber,src/Subscriber/Order/OrderWorkflowGuardSubscriber.php,wrong_layer_or_path|namespace_drift|non_service_inside_service_layer,review_or_move
src/Service/Subscriber/Order/OrderWorkflowSubscriber.php,OrderWorkflowSubscriber,class,Service,Subscriber,OrderWorkflowSubscriber,src/Subscriber/Order/OrderWorkflowSubscriber.php,wrong_layer_or_path|namespace_drift|non_service_inside_service_layer,review_or_move
src/Service/Transport/Order/ChaosProv.php,ChaosProv,class,Service,Service,ChaosProvService,src/Service/Transport/Order/ChaosProvService.php,missing_or_wrong_suffix|wrong_layer_or_path,review_or_move
src/Service/Transport/Order/Client.php,Client,class,Service,Service,ClientService,src/Service/Transport/Order/ClientService.php,missing_or_wrong_suffix|wrong_layer_or_path,review_or_move
src/Service/Transport/Order/DHLCarrier.php,DHLCarrier,class,Service,Service,DHLCarrierService,src/Service/Transport/Order/DHLCarrierService.php,missing_or_wrong_suffix|wrong_layer_or_path,review_or_move
src/Service/Transport/Order/DummyAdapter.php,DummyAdapter,class,Service,Service,DummyAdapterService,src/Service/Transport/Order/DummyAdapterService.php,missing_or_wrong_suffix|wrong_layer_or_path,review_or_move
src/Service/Transport/Order/DummyProv.php,DummyProv,class,Service,Service,DummyProvService,src/Service/Transport/Order/DummyProvService.php,missing_or_wrong_suffix|wrong_layer_or_path,review_or_move
src/Service/Transport/Order/Http.php,Http,class,Service,Service,HttpService,src/Service/Transport/Order/HttpService.php,missing_or_wrong_suffix|wrong_layer_or_path,review_or_move
src/Service/Transport/Order/Order.php,Order,class,Service,Service,OrderService,src/Service/Transport/Order/OrderService.php,missing_or_wrong_suffix|wrong_layer_or_path,review_or_move
src/Service/Transport/Order/OrderClient.php,OrderClient,class,Service,Service,OrderClientService,src/Service/Transport/Order/OrderClientService.php,missing_or_wrong_suffix|wrong_layer_or_path,review_or_move
src/Service/Transport/Order/ProviderRouter.php,ProviderRouter,class,Service,Service,ProviderRouterService,src/Service/Transport/Order/ProviderRouterService.php,missing_or_wrong_suffix|wrong_layer_or_path,review_or_move
src/Service/Transport/Order/ShipmentProcessorService.php,ShipmentProcessorService,class,Service,Service,ShipmentProcessorService,src/Service/Transport/Order/ShipmentProcessorService.php,,keep
src/Service/Transport/Order/StripeAdapter.php,StripeAdapter,class,Service,Service,StripeAdapterService,src/Service/Transport/Order/StripeAdapterService.php,missing_or_wrong_suffix|wrong_layer_or_path,review_or_move
src/Service/Transport/Order/UPSCarrier.php,UPSCarrier,class,Service,Service,UPSCarrierService,src/Service/Transport/Order/UPSCarrierService.php,missing_or_wrong_suffix|wrong_layer_or_path,review_or_move
src/Service/Tx/TransactionMiddleware.php,TransactionMiddleware,class,Service,Middleware,TransactionMiddleware,src/Middleware/Tx/TransactionMiddleware.php,wrong_layer_or_path|namespace_drift|non_service_inside_service_layer,review_or_move
src/Service/Webhook/Order/PaymentWebhookListener.php,PaymentWebhookListener,class,Service,Listener,PaymentWebhookListener,src/Listener/Webhook/Order/PaymentWebhookListener.php,wrong_layer_or_path|namespace_drift|non_service_inside_service_layer,review_or_move
src/Service/Webhook/Order/WebhookIdempotencyService.php,WebhookIdempotencyService,class,Service,Service,WebhookIdempotencyService,src/Service/Webhook/Order/WebhookIdempotencyService.php,,keep
src/Service/Webhook/Order/WebhookSignerHmac.php,WebhookSignerHmac,class,Service,Service,WebhookSignerHmacService,src/Service/Webhook/Order/WebhookSignerHmacService.php,missing_or_wrong_suffix|wrong_layer_or_path,review_or_move
src/Service/Webhook/Order/WebhookSignerRsa.php,WebhookSignerRsa,class,Service,Service,WebhookSignerRsaService,src/Service/Webhook/Order/WebhookSignerRsaService.php,missing_or_wrong_suffix|wrong_layer_or_path,review_or_move
src/Service/Webhook/Order/WebhookVerifierHmac.php,WebhookVerifierHmac,class,Service,Service,WebhookVerifierHmacService,src/Service/Webhook/Order/WebhookVerifierHmacService.php,missing_or_wrong_suffix|wrong_layer_or_path,review_or_move
src/Service/Webhook/Order/WebhookVerifierRsa.php,WebhookVerifierRsa,class,Service,Service,WebhookVerifierRsaService,src/Service/Webhook/Order/WebhookVerifierRsaService.php,missing_or_wrong_suffix|wrong_layer_or_path,review_or_move
src/Service/Workflow/Order/OrderCancelledHandler.php,OrderCancelledHandler,class,Service,MessageHandler,OrderCancelledHandler,src/MessageHandler/Workflow/Order/OrderCancelledHandler.php,wrong_layer_or_path|namespace_drift|non_service_inside_service_layer,review_or_move
src/Service/Workflow/Order/OrderOrchestrator.php,OrderOrchestrator,class,Service,Service,OrderOrchestratorService,src/Service/Workflow/Order/OrderOrchestratorService.php,missing_or_wrong_suffix|wrong_layer_or_path,review_or_move
src/Service/Workflow/Order/OrderPaidHandler.php,OrderPaidHandler,class,Service,MessageHandler,OrderPaidHandler,src/MessageHandler/Workflow/Order/OrderPaidHandler.php,wrong_layer_or_path|namespace_drift|non_service_inside_service_layer,review_or_move
src/Service/Workflow/Order/OrderPlacedHandler.php,OrderPlacedHandler,class,Service,MessageHandler,OrderPlacedHandler,src/MessageHandler/Workflow/Order/OrderPlacedHandler.php,wrong_layer_or_path|namespace_drift|non_service_inside_service_layer,review_or_move
src/Service/Workflow/Order/OrderRefundedHandler.php,OrderRefundedHandler,class,Service,MessageHandler,OrderRefundedHandler,src/MessageHandler/Workflow/Order/OrderRefundedHandler.php,wrong_layer_or_path|namespace_drift|non_service_inside_service_layer,review_or_move
src/Service/Workflow/Order/OrderSaga.php,OrderSaga,class,Service,Service,OrderSagaService,src/Service/Workflow/Order/OrderSagaService.php,missing_or_wrong_suffix|wrong_layer_or_path,review_or_move
src/Service/Workflow/Order/OrderShippedHandler.php,OrderShippedHandler,class,Service,MessageHandler,OrderShippedHandler,src/MessageHandler/Workflow/Order/OrderShippedHandler.php,wrong_layer_or_path|namespace_drift|non_service_inside_service_layer,review_or_move
src/Service/Workflow/Order/OrderStatusService.php,OrderStatusService,class,Service,Service,OrderStatusService,src/Service/Workflow/Order/OrderStatusService.php,,keep
src/Service/Workflow/Order/OrderWorkflowService.php,OrderWorkflowService,class,Service,Service,OrderWorkflowService,src/Service/Workflow/Order/OrderWorkflowService.php,,keep
src/Service/Workflow/Order/RetryOrderSagaHandler.php,RetryOrderSagaHandler,class,Service,MessageHandler,RetryOrderSagaHandler,src/MessageHandler/Workflow/Order/RetryOrderSagaHandler.php,wrong_layer_or_path|namespace_drift|non_service_inside_service_layer,review_or_move
src/Service/Workflow/Order/ReturnWorkflowService.php,ReturnWorkflowService,class,Service,Service,ReturnWorkflowService,src/Service/Workflow/Order/ReturnWorkflowService.php,,keep
src/Service/Workflow/Order/StartOrderSagaHandler.php,StartOrderSagaHandler,class,Service,MessageHandler,StartOrderSagaHandler,src/MessageHandler/Workflow/Order/StartOrderSagaHandler.php,wrong_layer_or_path|namespace_drift|non_service_inside_service_layer,review_or_move
src/ServiceInterface/Analytics/Order/AuditLoggerServiceInterface.php,AuditLoggerServiceInterface,interface,ServiceInterface,ServiceInterface,AuditLoggerServiceInterface,src/ServiceInterface/Analytics/Order/AuditLoggerServiceInterface.php,,keep
src/ServiceInterface/Analytics/Order/BigQueryExportSinkInterface.php,BigQueryExportSinkInterface,interface,ServiceInterface,ServiceInterface,BigQueryExportSinkInterface,src/ServiceInterface/Analytics/Order/BigQueryExportSinkInterface.php,,keep
src/ServiceInterface/Analytics/Order/ClickHouseExportSinkInterface.php,ClickHouseExportSinkInterface,interface,ServiceInterface,ServiceInterface,ClickHouseExportSinkInterface,src/ServiceInterface/Analytics/Order/ClickHouseExportSinkInterface.php,,keep
src/ServiceInterface/Analytics/Order/ExportSinkInterface.php,ExportSinkInterface,interface,ServiceInterface,ServiceInterface,ExportSinkInterface,src/ServiceInterface/Analytics/Order/ExportSinkInterface.php,,keep
src/ServiceInterface/Analytics/Order/MetricsProjectionServiceInterface.php,MetricsProjectionServiceInterface,interface,ServiceInterface,ServiceInterface,MetricsProjectionServiceInterface,src/ServiceInterface/Analytics/Order/MetricsProjectionServiceInterface.php,,keep
src/ServiceInterface/Analytics/Order/MetricsSubscriberInterface.php,MetricsSubscriberInterface,interface,ServiceInterface,ServiceInterface,MetricsSubscriberInterface,src/ServiceInterface/Analytics/Order/MetricsSubscriberInterface.php,,keep
src/ServiceInterface/Analytics/Order/OrderMetricsAggregateViewInterface.php,OrderMetricsAggregateViewInterface,interface,ServiceInterface,ServiceInterface,OrderMetricsAggregateViewInterface,src/ServiceInterface/Analytics/Order/OrderMetricsAggregateViewInterface.php,,keep
src/ServiceInterface/Analytics/Order/OrderMetricsAggregateViewRepositoryInterface.php,OrderMetricsAggregateViewRepositoryInterface,interface,ServiceInterface,ServiceInterface,OrderMetricsAggregateViewRepositoryInterface,src/ServiceInterface/Analytics/Order/OrderMetricsAggregateViewRepositoryInterface.php,,keep
src/ServiceInterface/Analytics/Order/OrderMetricsAggregatorInterface.php,OrderMetricsAggregatorInterface,interface,ServiceInterface,ServiceInterface,OrderMetricsAggregatorInterface,src/ServiceInterface/Analytics/Order/OrderMetricsAggregatorInterface.php,,keep
src/ServiceInterface/Analytics/Order/OrderMetricsInterface.php,OrderMetricsInterface,interface,ServiceInterface,ServiceInterface,OrderMetricsInterface,src/ServiceInterface/Analytics/Order/OrderMetricsInterface.php,,keep
src/ServiceInterface/Analytics/Order/OrderMetricsProjectionInterface.php,OrderMetricsProjectionInterface,interface,ServiceInterface,ServiceInterface,OrderMetricsProjectionInterface,src/ServiceInterface/Analytics/Order/OrderMetricsProjectionInterface.php,,keep
src/ServiceInterface/Analytics/Order/OrderMetricsProjectionServiceInterface.php,OrderMetricsProjectionServiceInterface,interface,ServiceInterface,ServiceInterface,OrderMetricsProjectionServiceInterface,src/ServiceInterface/Analytics/Order/OrderMetricsProjectionServiceInterface.php,,keep
src/ServiceInterface/Analytics/Order/OrderMetricsProjectorInterface.php,OrderMetricsProjectorInterface,interface,ServiceInterface,ServiceInterface,OrderMetricsProjectorInterface,src/ServiceInterface/Analytics/Order/OrderMetricsProjectorInterface.php,,keep
src/ServiceInterface/Analytics/Order/OrderMetricsQueryServiceInterface.php,OrderMetricsQueryServiceInterface,interface,ServiceInterface,ServiceInterface,OrderMetricsQueryServiceInterface,src/ServiceInterface/Analytics/Order/OrderMetricsQueryServiceInterface.php,,keep
src/ServiceInterface/Analytics/Order/OrderMetricsRollupAggregatorInterface.php,OrderMetricsRollupAggregatorInterface,interface,ServiceInterface,ServiceInterface,OrderMetricsRollupAggregatorInterface,src/ServiceInterface/Analytics/Order/OrderMetricsRollupAggregatorInterface.php,,keep
src/ServiceInterface/Analytics/Order/OrderMetricsRollupViewInterface.php,OrderMetricsRollupViewInterface,interface,ServiceInterface,ServiceInterface,OrderMetricsRollupViewInterface,src/ServiceInterface/Analytics/Order/OrderMetricsRollupViewInterface.php,,keep
src/ServiceInterface/Analytics/Order/OrderMetricsRollupViewRepositoryInterface.php,OrderMetricsRollupViewRepositoryInterface,interface,ServiceInterface,ServiceInterface,OrderMetricsRollupViewRepositoryInterface,src/ServiceInterface/Analytics/Order/OrderMetricsRollupViewRepositoryInterface.php,,keep
src/ServiceInterface/Analytics/Order/OrderMetricsSubscriberInterface.php,OrderMetricsSubscriberInterface,interface,ServiceInterface,ServiceInterface,OrderMetricsSubscriberInterface,src/ServiceInterface/Analytics/Order/OrderMetricsSubscriberInterface.php,,keep
src/ServiceInterface/Analytics/Order/OrderMetricsViewInterface.php,OrderMetricsViewInterface,interface,ServiceInterface,ServiceInterface,OrderMetricsViewInterface,src/ServiceInterface/Analytics/Order/OrderMetricsViewInterface.php,,keep
src/ServiceInterface/Analytics/Order/OrderMetricsViewRepositoryInterface.php,OrderMetricsViewRepositoryInterface,interface,ServiceInterface,ServiceInterface,OrderMetricsViewRepositoryInterface,src/ServiceInterface/Analytics/Order/OrderMetricsViewRepositoryInterface.php,,keep
src/ServiceInterface/Analytics/Order/PredictionServiceInterface.php,PredictionServiceInterface,interface,ServiceInterface,ServiceInterface,PredictionServiceInterface,src/ServiceInterface/Analytics/Order/PredictionServiceInterface.php,,keep
src/ServiceInterface/Analytics/Order/RefundStatsViewInterface.php,RefundStatsViewInterface,interface,ServiceInterface,ServiceInterface,RefundStatsViewInterface,src/ServiceInterface/Analytics/Order/RefundStatsViewInterface.php,,keep
src/ServiceInterface/Analytics/Order/VendorRevenueViewInterface.php,VendorRevenueViewInterface,interface,ServiceInterface,ServiceInterface,VendorRevenueViewInterface,src/ServiceInterface/Analytics/Order/VendorRevenueViewInterface.php,,keep
src/ServiceInterface/Archival/Order/OrderArchivalServiceInterface.php,OrderArchivalServiceInterface,interface,ServiceInterface,ServiceInterface,OrderArchivalServiceInterface,src/ServiceInterface/Archival/Order/OrderArchivalServiceInterface.php,,keep
src/ServiceInterface/Archival/Order/OrderAuditTrail.php,OrderAuditTrail,class,ServiceInterface,ServiceInterface,OrderAuditTrailInterface,src/ServiceInterface/Archival/Order/OrderAuditTrailInterface.php,missing_or_wrong_suffix|wrong_layer_or_path,review_or_move
src/ServiceInterface/Archival/Order/OrderAuditTrailBuilderInterface.php,OrderAuditTrailBuilderInterface,interface,ServiceInterface,ServiceInterface,OrderAuditTrailBuilderInterface,src/ServiceInterface/Archival/Order/OrderAuditTrailBuilderInterface.php,,keep
src/ServiceInterface/Archival/Order/OrderAuditTrailInterface.php,OrderAuditTrailInterface,interface,ServiceInterface,ServiceInterface,OrderAuditTrailInterface,src/ServiceInterface/Archival/Order/OrderAuditTrailInterface.php,,keep
src/ServiceInterface/Dispute/Order/DisputeServiceInterface.php,DisputeServiceInterface,interface,ServiceInterface,ServiceInterface,DisputeServiceInterface,src/ServiceInterface/Dispute/Order/DisputeServiceInterface.php,,keep
src/ServiceInterface/Dispute/Order/OrderDisputeServiceInterface.php,OrderDisputeServiceInterface,interface,ServiceInterface,ServiceInterface,OrderDisputeServiceInterface,src/ServiceInterface/Dispute/Order/OrderDisputeServiceInterface.php,,keep
src/ServiceInterface/Http/Order/AuditLoggerInterface.php,AuditLoggerInterface,interface,ServiceInterface,ServiceInterface,AuditLoggerInterface,src/ServiceInterface/Http/Order/AuditLoggerInterface.php,,keep
src/ServiceInterface/Http/Order/AuditRotateInterface.php,AuditRotateInterface,interface,ServiceInterface,ServiceInterface,AuditRotateInterface,src/ServiceInterface/Http/Order/AuditRotateInterface.php,,keep
src/ServiceInterface/Http/Order/AuditShipInterface.php,AuditShipInterface,interface,ServiceInterface,ServiceInterface,AuditShipInterface,src/ServiceInterface/Http/Order/AuditShipInterface.php,,keep
src/ServiceInterface/Http/Order/AuditSinkInterface.php,AuditSinkInterface,interface,ServiceInterface,ServiceInterface,AuditSinkInterface,src/ServiceInterface/Http/Order/AuditSinkInterface.php,,keep
src/ServiceInterface/Http/Order/SinkRouterInterface.php,SinkRouterInterface,interface,ServiceInterface,ServiceInterface,SinkRouterInterface,src/ServiceInterface/Http/Order/SinkRouterInterface.php,,keep
src/ServiceInterface/Inventory/InventoryServiceInterface.php,InventoryServiceInterface,interface,ServiceInterface,ServiceInterface,InventoryServiceInterface,src/ServiceInterface/Inventory/InventoryServiceInterface.php,,keep
src/ServiceInterface/Inventory/Order/InventoryGatewayInterface.php,InventoryGatewayInterface,interface,ServiceInterface,ServiceInterface,InventoryGatewayInterface,src/ServiceInterface/Inventory/Order/InventoryGatewayInterface.php,,keep
src/ServiceInterface/Inventory/Order/InventoryReservationServiceInterface.php,InventoryReservationServiceInterface,interface,ServiceInterface,ServiceInterface,InventoryReservationServiceInterface,src/ServiceInterface/Inventory/Order/InventoryReservationServiceInterface.php,,keep
src/ServiceInterface/Inventory/Order/InventoryServiceInterface.php,InventoryServiceInterface,interface,ServiceInterface,ServiceInterface,InventoryServiceInterface,src/ServiceInterface/Inventory/Order/InventoryServiceInterface.php,,keep
src/ServiceInterface/Messaging/Order/TransactionalEventPublisherInterface.php,TransactionalEventPublisherInterface,interface,ServiceInterface,ServiceInterface,TransactionalEventPublisherInterface,src/ServiceInterface/Messaging/Order/TransactionalEventPublisherInterface.php,,keep
src/ServiceInterface/OpenApi/Order/OrderOpenApiFactoryInterface.php,OrderOpenApiFactoryInterface,interface,ServiceInterface,ServiceInterface,OrderOpenApiFactoryInterface,src/ServiceInterface/OpenApi/Order/OrderOpenApiFactoryInterface.php,,keep
src/ServiceInterface/OrderSummaryProviderInterface.php,OrderSummaryProviderInterface,interface,ServiceInterface,ServiceInterface,OrderSummaryProviderInterface,src/ServiceInterface/OrderSummaryProviderInterface.php,namespace_drift,review_or_move
src/ServiceInterface/Outbox/Order/DlqServiceInterface.php,DlqServiceInterface,interface,ServiceInterface,ServiceInterface,DlqServiceInterface,src/ServiceInterface/Outbox/Order/DlqServiceInterface.php,,keep
src/ServiceInterface/Outbox/Order/OutboxRelayInterface.php,OutboxRelayInterface,interface,ServiceInterface,ServiceInterface,OutboxRelayInterface,src/ServiceInterface/Outbox/Order/OutboxRelayInterface.php,,keep
src/ServiceInterface/Payment/Order/BillingServiceInterface.php,BillingServiceInterface,interface,ServiceInterface,ServiceInterface,BillingServiceInterface,src/ServiceInterface/Payment/Order/BillingServiceInterface.php,,keep
src/ServiceInterface/Payment/Order/OrderBillingServiceInterface.php,OrderBillingServiceInterface,interface,ServiceInterface,ServiceInterface,OrderBillingServiceInterface,src/ServiceInterface/Payment/Order/OrderBillingServiceInterface.php,,keep
src/ServiceInterface/Payment/Order/OrderPaymentCommandHandlerInterface.php,OrderPaymentCommandHandlerInterface,interface,ServiceInterface,ServiceInterface,OrderPaymentCommandHandlerInterface,src/ServiceInterface/Payment/Order/OrderPaymentCommandHandlerInterface.php,,keep
src/ServiceInterface/Payment/Order/OrderPaymentReconciliationServiceInterface.php,OrderPaymentReconciliationServiceInterface,interface,ServiceInterface,ServiceInterface,OrderPaymentReconciliationServiceInterface,src/ServiceInterface/Payment/Order/OrderPaymentReconciliationServiceInterface.php,,keep
src/ServiceInterface/Payment/Order/OrderPaymentServiceInterface.php,OrderPaymentServiceInterface,interface,ServiceInterface,ServiceInterface,OrderPaymentServiceInterface,src/ServiceInterface/Payment/Order/OrderPaymentServiceInterface.php,,keep
src/ServiceInterface/Payment/Order/PartialPaymentServiceInterface.php,PartialPaymentServiceInterface,interface,ServiceInterface,ServiceInterface,PartialPaymentServiceInterface,src/ServiceInterface/Payment/Order/PartialPaymentServiceInterface.php,,keep
src/ServiceInterface/Payment/Order/PayPalGatewayInterface.php,PayPalGatewayInterface,interface,ServiceInterface,ServiceInterface,PayPalGatewayInterface,src/ServiceInterface/Payment/Order/PayPalGatewayInterface.php,,keep
src/ServiceInterface/Payment/Order/PaymentGatewayInterface.php,PaymentGatewayInterface,interface,ServiceInterface,ServiceInterface,PaymentGatewayInterface,src/ServiceInterface/Payment/Order/PaymentGatewayInterface.php,,keep
src/ServiceInterface/Payment/Order/PaymentProcessorInterface.php,PaymentProcessorInterface,interface,ServiceInterface,ServiceInterface,PaymentProcessorInterface,src/ServiceInterface/Payment/Order/PaymentProcessorInterface.php,,keep
src/ServiceInterface/Payment/Order/PaymentProcessorServiceInterface.php,PaymentProcessorServiceInterface,interface,ServiceInterface,ServiceInterface,PaymentProcessorServiceInterface,src/ServiceInterface/Payment/Order/PaymentProcessorServiceInterface.php,,keep
src/ServiceInterface/Payment/Order/PaymentServiceInterface.php,PaymentServiceInterface,interface,ServiceInterface,ServiceInterface,PaymentServiceInterface,src/ServiceInterface/Payment/Order/PaymentServiceInterface.php,,keep
src/ServiceInterface/Payment/Order/PaymentStateMachineInterface.php,PaymentStateMachineInterface,interface,ServiceInterface,ServiceInterface,PaymentStateMachineInterface,src/ServiceInterface/Payment/Order/PaymentStateMachineInterface.php,,keep
src/ServiceInterface/Payment/Order/PaymentStatusSubscriberInterface.php,PaymentStatusSubscriberInterface,interface,ServiceInterface,ServiceInterface,PaymentStatusSubscriberInterface,src/ServiceInterface/Payment/Order/PaymentStatusSubscriberInterface.php,,keep
src/ServiceInterface/Payment/Order/StripeGatewayInterface.php,StripeGatewayInterface,interface,ServiceInterface,ServiceInterface,StripeGatewayInterface,src/ServiceInterface/Payment/Order/StripeGatewayInterface.php,,keep
src/ServiceInterface/Payment/PaymentGatewayInterface.php,PaymentGatewayInterface,interface,ServiceInterface,ServiceInterface,PaymentGatewayInterface,src/ServiceInterface/Payment/PaymentGatewayInterface.php,,keep
src/ServiceInterface/Pricing/Order/AdvancedPriceCalculatorInterface.php,AdvancedPriceCalculatorInterface,interface,ServiceInterface,ServiceInterface,AdvancedPriceCalculatorInterface,src/ServiceInterface/Pricing/Order/AdvancedPriceCalculatorInterface.php,,keep
src/ServiceInterface/Pricing/Order/CurrencyConversionServiceInterface.php,CurrencyConversionServiceInterface,interface,ServiceInterface,ServiceInterface,CurrencyConversionServiceInterface,src/ServiceInterface/Pricing/Order/CurrencyConversionServiceInterface.php,,keep
src/ServiceInterface/Pricing/Order/DefaultPromotionStrategyInterface.php,DefaultPromotionStrategyInterface,interface,ServiceInterface,ServiceInterface,DefaultPromotionStrategyInterface,src/ServiceInterface/Pricing/Order/DefaultPromotionStrategyInterface.php,,keep
src/ServiceInterface/Pricing/Order/DefaultTaxationStrategyInterface.php,DefaultTaxationStrategyInterface,interface,ServiceInterface,ServiceInterface,DefaultTaxationStrategyInterface,src/ServiceInterface/Pricing/Order/DefaultTaxationStrategyInterface.php,,keep
src/ServiceInterface/Pricing/Order/EUTaxStrategyInterface.php,EUTaxStrategyInterface,interface,ServiceInterface,ServiceInterface,EUTaxStrategyInterface,src/ServiceInterface/Pricing/Order/EUTaxStrategyInterface.php,,keep
src/ServiceInterface/Pricing/Order/ExchangeRateProviderInterface.php,ExchangeRateProviderInterface,interface,ServiceInterface,ServiceInterface,ExchangeRateProviderInterface,src/ServiceInterface/Pricing/Order/ExchangeRateProviderInterface.php,,keep
src/ServiceInterface/Pricing/Order/FlatPromotionStrategyInterface.php,FlatPromotionStrategyInterface,interface,ServiceInterface,ServiceInterface,FlatPromotionStrategyInterface,src/ServiceInterface/Pricing/Order/FlatPromotionStrategyInterface.php,,keep
src/ServiceInterface/Pricing/Order/FlatTaxStrategyInterface.php,FlatTaxStrategyInterface,interface,ServiceInterface,ServiceInterface,FlatTaxStrategyInterface,src/ServiceInterface/Pricing/Order/FlatTaxStrategyInterface.php,,keep
src/ServiceInterface/Pricing/Order/FlatTaxationStrategyInterface.php,FlatTaxationStrategyInterface,interface,ServiceInterface,ServiceInterface,FlatTaxationStrategyInterface,src/ServiceInterface/Pricing/Order/FlatTaxationStrategyInterface.php,,keep
src/ServiceInterface/Pricing/Order/InMemoryRateProviderInterface.php,InMemoryRateProviderInterface,interface,ServiceInterface,ServiceInterface,InMemoryRateProviderInterface,src/ServiceInterface/Pricing/Order/InMemoryRateProviderInterface.php,,keep
src/ServiceInterface/Pricing/Order/LegacyTaxationStrategyInterface.php,LegacyTaxationStrategyInterface,interface,ServiceInterface,ServiceInterface,LegacyTaxationStrategyInterface,src/ServiceInterface/Pricing/Order/LegacyTaxationStrategyInterface.php,,keep
src/ServiceInterface/Pricing/Order/NoTaxStrategyInterface.php,NoTaxStrategyInterface,interface,ServiceInterface,ServiceInterface,NoTaxStrategyInterface,src/ServiceInterface/Pricing/Order/NoTaxStrategyInterface.php,,keep
src/ServiceInterface/Pricing/Order/OrderPricingInterface.php,OrderPricingInterface,interface,ServiceInterface,ServiceInterface,OrderPricingInterface,src/ServiceInterface/Pricing/Order/OrderPricingInterface.php,,keep
src/ServiceInterface/Pricing/Order/OrderTaxationServiceInterface.php,OrderTaxationServiceInterface,interface,ServiceInterface,ServiceInterface,OrderTaxationServiceInterface,src/ServiceInterface/Pricing/Order/OrderTaxationServiceInterface.php,,keep
src/ServiceInterface/Pricing/Order/PriceCalculatorInterface.php,PriceCalculatorInterface,interface,ServiceInterface,ServiceInterface,PriceCalculatorInterface,src/ServiceInterface/Pricing/Order/PriceCalculatorInterface.php,,keep
src/ServiceInterface/Pricing/Order/PriceCalculatorServiceInterface.php,PriceCalculatorServiceInterface,interface,ServiceInterface,ServiceInterface,PriceCalculatorServiceInterface,src/ServiceInterface/Pricing/Order/PriceCalculatorServiceInterface.php,,keep
src/ServiceInterface/Pricing/Order/ProgressiveTaxStrategyInterface.php,ProgressiveTaxStrategyInterface,interface,ServiceInterface,ServiceInterface,ProgressiveTaxStrategyInterface,src/ServiceInterface/Pricing/Order/ProgressiveTaxStrategyInterface.php,,keep
src/ServiceInterface/Pricing/Order/PromotionStrategyInterface.php,PromotionStrategyInterface,interface,ServiceInterface,ServiceInterface,PromotionStrategyInterface,src/ServiceInterface/Pricing/Order/PromotionStrategyInterface.php,,keep
src/ServiceInterface/Pricing/Order/TaxationConfigLoaderInterface.php,TaxationConfigLoaderInterface,interface,ServiceInterface,ServiceInterface,TaxationConfigLoaderInterface,src/ServiceInterface/Pricing/Order/TaxationConfigLoaderInterface.php,,keep
src/ServiceInterface/Pricing/Order/TaxationStrategyInterface.php,TaxationStrategyInterface,interface,ServiceInterface,ServiceInterface,TaxationStrategyInterface,src/ServiceInterface/Pricing/Order/TaxationStrategyInterface.php,,keep
src/ServiceInterface/Pricing/Order/VatExclusiveStrategyInterface.php,VatExclusiveStrategyInterface,interface,ServiceInterface,ServiceInterface,VatExclusiveStrategyInterface,src/ServiceInterface/Pricing/Order/VatExclusiveStrategyInterface.php,,keep
src/ServiceInterface/Pricing/Order/VatInclusiveStrategyInterface.php,VatInclusiveStrategyInterface,interface,ServiceInterface,ServiceInterface,VatInclusiveStrategyInterface,src/ServiceInterface/Pricing/Order/VatInclusiveStrategyInterface.php,,keep
src/ServiceInterface/Refund/Order/OrderRefundCommandHandlerInterface.php,OrderRefundCommandHandlerInterface,interface,ServiceInterface,ServiceInterface,OrderRefundCommandHandlerInterface,src/ServiceInterface/Refund/Order/OrderRefundCommandHandlerInterface.php,,keep
src/ServiceInterface/Refund/Order/OrderRefundEligibilityServiceInterface.php,OrderRefundEligibilityServiceInterface,interface,ServiceInterface,ServiceInterface,OrderRefundEligibilityServiceInterface,src/ServiceInterface/Refund/Order/OrderRefundEligibilityServiceInterface.php,,keep
src/ServiceInterface/Refund/Order/OrderReturnPolicyServiceInterface.php,OrderReturnPolicyServiceInterface,interface,ServiceInterface,ServiceInterface,OrderReturnPolicyServiceInterface,src/ServiceInterface/Refund/Order/OrderReturnPolicyServiceInterface.php,,keep
src/ServiceInterface/Refund/Order/OrderServiceHookInterface.php,OrderServiceHookInterface,interface,ServiceInterface,ServiceInterface,OrderServiceHookInterface,src/ServiceInterface/Refund/Order/OrderServiceHookInterface.php,,keep
src/ServiceInterface/Refund/Order/RefundEligibilityServiceInterface.php,RefundEligibilityServiceInterface,interface,ServiceInterface,ServiceInterface,RefundEligibilityServiceInterface,src/ServiceInterface/Refund/Order/RefundEligibilityServiceInterface.php,,keep
src/ServiceInterface/Refund/Order/RefundPolicyServiceInterface.php,RefundPolicyServiceInterface,interface,ServiceInterface,ServiceInterface,RefundPolicyServiceInterface,src/ServiceInterface/Refund/Order/RefundPolicyServiceInterface.php,,keep
src/ServiceInterface/Refund/Order/RefundProcessorInterface.php,RefundProcessorInterface,interface,ServiceInterface,ServiceInterface,RefundProcessorInterface,src/ServiceInterface/Refund/Order/RefundProcessorInterface.php,,keep
src/ServiceInterface/Refund/Order/RefundServiceInterface.php,RefundServiceInterface,interface,ServiceInterface,ServiceInterface,RefundServiceInterface,src/ServiceInterface/Refund/Order/RefundServiceInterface.php,,keep
src/ServiceInterface/Refund/Order/ReturnPolicyServiceInterface.php,ReturnPolicyServiceInterface,interface,ServiceInterface,ServiceInterface,ReturnPolicyServiceInterface,src/ServiceInterface/Refund/Order/ReturnPolicyServiceInterface.php,,keep
src/ServiceInterface/Security/Order/ContinueOrderSagaCommandInterface.php,ContinueOrderSagaCommandInterface,interface,ServiceInterface,ServiceInterface,ContinueOrderSagaCommandInterface,src/ServiceInterface/Security/Order/ContinueOrderSagaCommandInterface.php,,keep
src/ServiceInterface/Security/Order/CryptoServiceInterface.php,CryptoServiceInterface,interface,ServiceInterface,ServiceInterface,CryptoServiceInterface,src/ServiceInterface/Security/Order/CryptoServiceInterface.php,,keep
src/ServiceInterface/Security/Order/CspMiddlewareInterface.php,CspMiddlewareInterface,interface,ServiceInterface,ServiceInterface,CspMiddlewareInterface,src/ServiceInterface/Security/Order/CspMiddlewareInterface.php,,keep
src/ServiceInterface/Security/Order/DlqConsoleInterface.php,DlqConsoleInterface,interface,ServiceInterface,ServiceInterface,DlqConsoleInterface,src/ServiceInterface/Security/Order/DlqConsoleInterface.php,,keep
src/ServiceInterface/Security/Order/DlqRepositoryInterface.php,DlqRepositoryInterface,interface,ServiceInterface,ServiceInterface,DlqRepositoryInterface,src/ServiceInterface/Security/Order/DlqRepositoryInterface.php,,keep
src/ServiceInterface/Security/Order/DomainEventsToOutboxSubscriberInterface.php,DomainEventsToOutboxSubscriberInterface,interface,ServiceInterface,ServiceInterface,DomainEventsToOutboxSubscriberInterface,src/ServiceInterface/Security/Order/DomainEventsToOutboxSubscriberInterface.php,,keep
src/ServiceInterface/Security/Order/ErrorInterface.php,ErrorInterface,interface,ServiceInterface,ServiceInterface,ErrorInterface,src/ServiceInterface/Security/Order/ErrorInterface.php,,keep
src/ServiceInterface/Security/Order/ExportSinkInterface.php,ExportSinkInterface,interface,ServiceInterface,ServiceInterface,ExportSinkInterface,src/ServiceInterface/Security/Order/ExportSinkInterface.php,,keep
src/ServiceInterface/Security/Order/FileDlqRepositoryInterface.php,FileDlqRepositoryInterface,interface,ServiceInterface,ServiceInterface,FileDlqRepositoryInterface,src/ServiceInterface/Security/Order/FileDlqRepositoryInterface.php,,keep
src/ServiceInterface/Security/Order/FileJwkRepositoryInterface.php,FileJwkRepositoryInterface,interface,ServiceInterface,ServiceInterface,FileJwkRepositoryInterface,src/ServiceInterface/Security/Order/FileJwkRepositoryInterface.php,,keep
src/ServiceInterface/Security/Order/FlakyCommandInterface.php,FlakyCommandInterface,interface,ServiceInterface,ServiceInterface,FlakyCommandInterface,src/ServiceInterface/Security/Order/FlakyCommandInterface.php,,keep
src/ServiceInterface/Security/Order/FlakyHandlerInterface.php,FlakyHandlerInterface,interface,ServiceInterface,ServiceInterface,FlakyHandlerInterface,src/ServiceInterface/Security/Order/FlakyHandlerInterface.php,,keep
src/ServiceInterface/Security/Order/HealthProbeInterface.php,HealthProbeInterface,interface,ServiceInterface,ServiceInterface,HealthProbeInterface,src/ServiceInterface/Security/Order/HealthProbeInterface.php,,keep
src/ServiceInterface/Security/Order/HttpIdempotencyGuardInterface.php,HttpIdempotencyGuardInterface,interface,ServiceInterface,ServiceInterface,HttpIdempotencyGuardInterface,src/ServiceInterface/Security/Order/HttpIdempotencyGuardInterface.php,,keep
src/ServiceInterface/Security/Order/IdempotencyGuardInterface.php,IdempotencyGuardInterface,interface,ServiceInterface,ServiceInterface,IdempotencyGuardInterface,src/ServiceInterface/Security/Order/IdempotencyGuardInterface.php,,keep
src/ServiceInterface/Security/Order/IdempotencyInterface.php,IdempotencyInterface,interface,ServiceInterface,ServiceInterface,IdempotencyInterface,src/ServiceInterface/Security/Order/IdempotencyInterface.php,,keep
src/ServiceInterface/Security/Order/IdempotencyKeyPolicyInterface.php,IdempotencyKeyPolicyInterface,interface,ServiceInterface,ServiceInterface,IdempotencyKeyPolicyInterface,src/ServiceInterface/Security/Order/IdempotencyKeyPolicyInterface.php,,keep
src/ServiceInterface/Security/Order/IdempotencyMiddlewareInterface.php,IdempotencyMiddlewareInterface,interface,ServiceInterface,ServiceInterface,IdempotencyMiddlewareInterface,src/ServiceInterface/Security/Order/IdempotencyMiddlewareInterface.php,,keep
src/ServiceInterface/Security/Order/IdempotencyServiceInterface.php,IdempotencyServiceInterface,interface,ServiceInterface,ServiceInterface,IdempotencyServiceInterface,src/ServiceInterface/Security/Order/IdempotencyServiceInterface.php,,keep
src/ServiceInterface/Security/Order/IdempotencyStoreInterface.php,IdempotencyStoreInterface,interface,ServiceInterface,ServiceInterface,IdempotencyStoreInterface,src/ServiceInterface/Security/Order/IdempotencyStoreInterface.php,,keep
src/ServiceInterface/Security/Order/JwkRepositoryInterface.php,JwkRepositoryInterface,interface,ServiceInterface,ServiceInterface,JwkRepositoryInterface,src/ServiceInterface/Security/Order/JwkRepositoryInterface.php,,keep
src/ServiceInterface/Security/Order/JwksIssuerInterface.php,JwksIssuerInterface,interface,ServiceInterface,ServiceInterface,JwksIssuerInterface,src/ServiceInterface/Security/Order/JwksIssuerInterface.php,,keep
src/ServiceInterface/Security/Order/KernelInterface.php,KernelInterface,interface,ServiceInterface,ServiceInterface,KernelInterface,src/ServiceInterface/Security/Order/KernelInterface.php,,keep
src/ServiceInterface/Security/Order/KeyRotationManagerInterface.php,KeyRotationManagerInterface,interface,ServiceInterface,ServiceInterface,KeyRotationManagerInterface,src/ServiceInterface/Security/Order/KeyRotationManagerInterface.php,,keep
src/ServiceInterface/Security/Order/MaskingServiceInterface.php,MaskingServiceInterface,interface,ServiceInterface,ServiceInterface,MaskingServiceInterface,src/ServiceInterface/Security/Order/MaskingServiceInterface.php,,keep
src/ServiceInterface/Security/Order/MemoryIdempotencyStoreInterface.php,MemoryIdempotencyStoreInterface,interface,ServiceInterface,ServiceInterface,MemoryIdempotencyStoreInterface,src/ServiceInterface/Security/Order/MemoryIdempotencyStoreInterface.php,,keep
src/ServiceInterface/Security/Order/OrderApiAuditSubscriberInterface.php,OrderApiAuditSubscriberInterface,interface,ServiceInterface,ServiceInterface,OrderApiAuditSubscriberInterface,src/ServiceInterface/Security/Order/OrderApiAuditSubscriberInterface.php,,keep
src/ServiceInterface/Security/Order/OrderApiRateLimitListenerInterface.php,OrderApiRateLimitListenerInterface,interface,ServiceInterface,ServiceInterface,OrderApiRateLimitListenerInterface,src/ServiceInterface/Security/Order/OrderApiRateLimitListenerInterface.php,,keep
src/ServiceInterface/Security/Order/OrderCancelCommandInterface.php,OrderCancelCommandInterface,interface,ServiceInterface,ServiceInterface,OrderCancelCommandInterface,src/ServiceInterface/Security/Order/OrderCancelCommandInterface.php,,keep
src/ServiceInterface/Security/Order/OrderContextProcessorInterface.php,OrderContextProcessorInterface,interface,ServiceInterface,ServiceInterface,OrderContextProcessorInterface,src/ServiceInterface/Security/Order/OrderContextProcessorInterface.php,,keep
src/ServiceInterface/Security/Order/OrderCreateCommandInterface.php,OrderCreateCommandInterface,interface,ServiceInterface,ServiceInterface,OrderCreateCommandInterface,src/ServiceInterface/Security/Order/OrderCreateCommandInterface.php,,keep
src/ServiceInterface/Security/Order/OrderCreateHandlerInterface.php,OrderCreateHandlerInterface,interface,ServiceInterface,ServiceInterface,OrderCreateHandlerInterface,src/ServiceInterface/Security/Order/OrderCreateHandlerInterface.php,,keep
src/ServiceInterface/Security/Order/OrderDeadLetterHandlerInterface.php,OrderDeadLetterHandlerInterface,interface,ServiceInterface,ServiceInterface,OrderDeadLetterHandlerInterface,src/ServiceInterface/Security/Order/OrderDeadLetterHandlerInterface.php,,keep
src/ServiceInterface/Security/Order/OrderDeleteProcessorInterface.php,OrderDeleteProcessorInterface,interface,ServiceInterface,ServiceInterface,OrderDeleteProcessorInterface,src/ServiceInterface/Security/Order/OrderDeleteProcessorInterface.php,,keep
src/ServiceInterface/Security/Order/OrderDemoServiceInterface.php,OrderDemoServiceInterface,interface,ServiceInterface,ServiceInterface,OrderDemoServiceInterface,src/ServiceInterface/Security/Order/OrderDemoServiceInterface.php,,keep
src/ServiceInterface/Security/Order/OrderDomainMessageHandlerInterface.php,OrderDomainMessageHandlerInterface,interface,ServiceInterface,ServiceInterface,OrderDomainMessageHandlerInterface,src/ServiceInterface/Security/Order/OrderDomainMessageHandlerInterface.php,,keep
src/ServiceInterface/Security/Order/OrderDomainMessageInterface.php,OrderDomainMessageInterface,interface,ServiceInterface,ServiceInterface,OrderDomainMessageInterface,src/ServiceInterface/Security/Order/OrderDomainMessageInterface.php,,keep
src/ServiceInterface/Security/Order/OrderEntityToResourceTransformerInterface.php,OrderEntityToResourceTransformerInterface,interface,ServiceInterface,ServiceInterface,OrderEntityToResourceTransformerInterface,src/ServiceInterface/Security/Order/OrderEntityToResourceTransformerInterface.php,,keep
src/ServiceInterface/Security/Order/OrderEventMessageHandlerInterface.php,OrderEventMessageHandlerInterface,interface,ServiceInterface,ServiceInterface,OrderEventMessageHandlerInterface,src/ServiceInterface/Security/Order/OrderEventMessageHandlerInterface.php,,keep
src/ServiceInterface/Security/Order/OrderFactoryInterface.php,OrderFactoryInterface,interface,ServiceInterface,ServiceInterface,OrderFactoryInterface,src/ServiceInterface/Security/Order/OrderFactoryInterface.php,,keep
src/ServiceInterface/Security/Order/OrderIdempotencyGuardInterface.php,OrderIdempotencyGuardInterface,interface,ServiceInterface,ServiceInterface,OrderIdempotencyGuardInterface,src/ServiceInterface/Security/Order/OrderIdempotencyGuardInterface.php,,keep
src/ServiceInterface/Security/Order/OrderIdempotencyServiceInterface.php,OrderIdempotencyServiceInterface,interface,ServiceInterface,ServiceInterface,OrderIdempotencyServiceInterface,src/ServiceInterface/Security/Order/OrderIdempotencyServiceInterface.php,,keep
src/ServiceInterface/Security/Order/OrderInterface.php,OrderInterface,interface,ServiceInterface,ServiceInterface,OrderInterface,src/ServiceInterface/Security/Order/OrderInterface.php,,keep
src/ServiceInterface/Security/Order/OrderMessageHandlerInterface.php,OrderMessageHandlerInterface,interface,ServiceInterface,ServiceInterface,OrderMessageHandlerInterface,src/ServiceInterface/Security/Order/OrderMessageHandlerInterface.php,,keep
src/ServiceInterface/Security/Order/OrderOpenApiFactoryInterface.php,OrderOpenApiFactoryInterface,interface,ServiceInterface,ServiceInterface,OrderOpenApiFactoryInterface,src/ServiceInterface/Security/Order/OrderOpenApiFactoryInterface.php,,keep
src/ServiceInterface/Security/Order/OrderPartialPayCommandInterface.php,OrderPartialPayCommandInterface,interface,ServiceInterface,ServiceInterface,OrderPartialPayCommandInterface,src/ServiceInterface/Security/Order/OrderPartialPayCommandInterface.php,,keep
src/ServiceInterface/Security/Order/OrderPartialPayHandlerInterface.php,OrderPartialPayHandlerInterface,interface,ServiceInterface,ServiceInterface,OrderPartialPayHandlerInterface,src/ServiceInterface/Security/Order/OrderPartialPayHandlerInterface.php,,keep
src/ServiceInterface/Security/Order/OrderPartialPaymentCommandHandlerInterface.php,OrderPartialPaymentCommandHandlerInterface,interface,ServiceInterface,ServiceInterface,OrderPartialPaymentCommandHandlerInterface,src/ServiceInterface/Security/Order/OrderPartialPaymentCommandHandlerInterface.php,,keep
src/ServiceInterface/Security/Order/OrderPartialPaymentCommandInterface.php,OrderPartialPaymentCommandInterface,interface,ServiceInterface,ServiceInterface,OrderPartialPaymentCommandInterface,src/ServiceInterface/Security/Order/OrderPartialPaymentCommandInterface.php,,keep
src/ServiceInterface/Security/Order/OrderPartialPaymentHandlerInterface.php,OrderPartialPaymentHandlerInterface,interface,ServiceInterface,ServiceInterface,OrderPartialPaymentHandlerInterface,src/ServiceInterface/Security/Order/OrderPartialPaymentHandlerInterface.php,,keep
src/ServiceInterface/Security/Order/OrderPartialPaymentProcessorInterface.php,OrderPartialPaymentProcessorInterface,interface,ServiceInterface,ServiceInterface,OrderPartialPaymentProcessorInterface,src/ServiceInterface/Security/Order/OrderPartialPaymentProcessorInterface.php,,keep
src/ServiceInterface/Security/Order/OrderPartialRefundCommandInterface.php,OrderPartialRefundCommandInterface,interface,ServiceInterface,ServiceInterface,OrderPartialRefundCommandInterface,src/ServiceInterface/Security/Order/OrderPartialRefundCommandInterface.php,,keep
src/ServiceInterface/Security/Order/OrderPartialRefundHandlerInterface.php,OrderPartialRefundHandlerInterface,interface,ServiceInterface,ServiceInterface,OrderPartialRefundHandlerInterface,src/ServiceInterface/Security/Order/OrderPartialRefundHandlerInterface.php,,keep
src/ServiceInterface/Security/Order/OrderPartialShipCommandInterface.php,OrderPartialShipCommandInterface,interface,ServiceInterface,ServiceInterface,OrderPartialShipCommandInterface,src/ServiceInterface/Security/Order/OrderPartialShipCommandInterface.php,,keep
src/ServiceInterface/Security/Order/OrderPartialShipHandlerInterface.php,OrderPartialShipHandlerInterface,interface,ServiceInterface,ServiceInterface,OrderPartialShipHandlerInterface,src/ServiceInterface/Security/Order/OrderPartialShipHandlerInterface.php,,keep
src/ServiceInterface/Security/Order/OrderPatchProcessorInterface.php,OrderPatchProcessorInterface,interface,ServiceInterface,ServiceInterface,OrderPatchProcessorInterface,src/ServiceInterface/Security/Order/OrderPatchProcessorInterface.php,,keep
src/ServiceInterface/Security/Order/OrderPayCommandInterface.php,OrderPayCommandInterface,interface,ServiceInterface,ServiceInterface,OrderPayCommandInterface,src/ServiceInterface/Security/Order/OrderPayCommandInterface.php,,keep
src/ServiceInterface/Security/Order/OrderPayHandlerInterface.php,OrderPayHandlerInterface,interface,ServiceInterface,ServiceInterface,OrderPayHandlerInterface,src/ServiceInterface/Security/Order/OrderPayHandlerInterface.php,,keep
src/ServiceInterface/Security/Order/OrderPaymentCommandInterface.php,OrderPaymentCommandInterface,interface,ServiceInterface,ServiceInterface,OrderPaymentCommandInterface,src/ServiceInterface/Security/Order/OrderPaymentCommandInterface.php,,keep
src/ServiceInterface/Security/Order/OrderPaymentGatewayInterface.php,OrderPaymentGatewayInterface,interface,ServiceInterface,ServiceInterface,OrderPaymentGatewayInterface,src/ServiceInterface/Security/Order/OrderPaymentGatewayInterface.php,,keep
src/ServiceInterface/Security/Order/OrderPlaceCommandInterface.php,OrderPlaceCommandInterface,interface,ServiceInterface,ServiceInterface,OrderPlaceCommandInterface,src/ServiceInterface/Security/Order/OrderPlaceCommandInterface.php,,keep
src/ServiceInterface/Security/Order/OrderPlaceProcessorInterface.php,OrderPlaceProcessorInterface,interface,ServiceInterface,ServiceInterface,OrderPlaceProcessorInterface,src/ServiceInterface/Security/Order/OrderPlaceProcessorInterface.php,,keep
src/ServiceInterface/Security/Order/OrderPriceViewInterface.php,OrderPriceViewInterface,interface,ServiceInterface,ServiceInterface,OrderPriceViewInterface,src/ServiceInterface/Security/Order/OrderPriceViewInterface.php,,keep
src/ServiceInterface/Security/Order/OrderPricingServiceInterface.php,OrderPricingServiceInterface,interface,ServiceInterface,ServiceInterface,OrderPricingServiceInterface,src/ServiceInterface/Security/Order/OrderPricingServiceInterface.php,,keep
src/ServiceInterface/Security/Order/OrderRefundCommandInterface.php,OrderRefundCommandInterface,interface,ServiceInterface,ServiceInterface,OrderRefundCommandInterface,src/ServiceInterface/Security/Order/OrderRefundCommandInterface.php,,keep
src/ServiceInterface/Security/Order/OrderRefundHandlerInterface.php,OrderRefundHandlerInterface,interface,ServiceInterface,ServiceInterface,OrderRefundHandlerInterface,src/ServiceInterface/Security/Order/OrderRefundHandlerInterface.php,,keep
src/ServiceInterface/Security/Order/OrderRefundProcessorInterface.php,OrderRefundProcessorInterface,interface,ServiceInterface,ServiceInterface,OrderRefundProcessorInterface,src/ServiceInterface/Security/Order/OrderRefundProcessorInterface.php,,keep
src/ServiceInterface/Security/Order/OrderRefundServiceInterface.php,OrderRefundServiceInterface,interface,ServiceInterface,ServiceInterface,OrderRefundServiceInterface,src/ServiceInterface/Security/Order/OrderRefundServiceInterface.php,,keep
src/ServiceInterface/Security/Order/OrderResourceInterface.php,OrderResourceInterface,interface,ServiceInterface,ServiceInterface,OrderResourceInterface,src/ServiceInterface/Security/Order/OrderResourceInterface.php,,keep
src/ServiceInterface/Security/Order/OrderResourceToEntityTransformerInterface.php,OrderResourceToEntityTransformerInterface,interface,ServiceInterface,ServiceInterface,OrderResourceToEntityTransformerInterface,src/ServiceInterface/Security/Order/OrderResourceToEntityTransformerInterface.php,,keep
src/ServiceInterface/Security/Order/OrderServiceInterface.php,OrderServiceInterface,interface,ServiceInterface,ServiceInterface,OrderServiceInterface,src/ServiceInterface/Security/Order/OrderServiceInterface.php,,keep
src/ServiceInterface/Security/Order/OrderShipmentCommandHandlerInterface.php,OrderShipmentCommandHandlerInterface,interface,ServiceInterface,ServiceInterface,OrderShipmentCommandHandlerInterface,src/ServiceInterface/Security/Order/OrderShipmentCommandHandlerInterface.php,,keep
src/ServiceInterface/Security/Order/OrderShipmentCommandInterface.php,OrderShipmentCommandInterface,interface,ServiceInterface,ServiceInterface,OrderShipmentCommandInterface,src/ServiceInterface/Security/Order/OrderShipmentCommandInterface.php,,keep
src/ServiceInterface/Security/Order/OrderShipmentGatewayInterface.php,OrderShipmentGatewayInterface,interface,ServiceInterface,ServiceInterface,OrderShipmentGatewayInterface,src/ServiceInterface/Security/Order/OrderShipmentGatewayInterface.php,,keep
src/ServiceInterface/Security/Order/OrderTenantRateLimitListenerInterface.php,OrderTenantRateLimitListenerInterface,interface,ServiceInterface,ServiceInterface,OrderTenantRateLimitListenerInterface,src/ServiceInterface/Security/Order/OrderTenantRateLimitListenerInterface.php,,keep
src/ServiceInterface/Security/Order/OrderWorkflowSubscriberInterface.php,OrderWorkflowSubscriberInterface,interface,ServiceInterface,ServiceInterface,OrderWorkflowSubscriberInterface,src/ServiceInterface/Security/Order/OrderWorkflowSubscriberInterface.php,,keep
src/ServiceInterface/Security/Order/OutboxDispatchedMessageInterface.php,OutboxDispatchedMessageInterface,interface,ServiceInterface,ServiceInterface,OutboxDispatchedMessageInterface,src/ServiceInterface/Security/Order/OutboxDispatchedMessageInterface.php,,keep
src/ServiceInterface/Security/Order/OutboxMessengerDispatcherInterface.php,OutboxMessengerDispatcherInterface,interface,ServiceInterface,ServiceInterface,OutboxMessengerDispatcherInterface,src/ServiceInterface/Security/Order/OutboxMessengerDispatcherInterface.php,,keep
src/ServiceInterface/Security/Order/OutboxProcessorInterface.php,OutboxProcessorInterface,interface,ServiceInterface,ServiceInterface,OutboxProcessorInterface,src/ServiceInterface/Security/Order/OutboxProcessorInterface.php,,keep
src/ServiceInterface/Security/Order/OutboxPublisherInterface.php,OutboxPublisherInterface,interface,ServiceInterface,ServiceInterface,OutboxPublisherInterface,src/ServiceInterface/Security/Order/OutboxPublisherInterface.php,,keep
src/ServiceInterface/Security/Order/OutboxRelayInterface.php,OutboxRelayInterface,interface,ServiceInterface,ServiceInterface,OutboxRelayInterface,src/ServiceInterface/Security/Order/OutboxRelayInterface.php,,keep
src/ServiceInterface/Security/Order/OutboxWriterInterface.php,OutboxWriterInterface,interface,ServiceInterface,ServiceInterface,OutboxWriterInterface,src/ServiceInterface/Security/Order/OutboxWriterInterface.php,,keep
src/ServiceInterface/Security/Order/RateLimitInterface.php,RateLimitInterface,interface,ServiceInterface,ServiceInterface,RateLimitInterface,src/ServiceInterface/Security/Order/RateLimitInterface.php,,keep
src/ServiceInterface/Security/Order/RecalculateOrderPricingCommandInterface.php,RecalculateOrderPricingCommandInterface,interface,ServiceInterface,ServiceInterface,RecalculateOrderPricingCommandInterface,src/ServiceInterface/Security/Order/RecalculateOrderPricingCommandInterface.php,,keep
src/ServiceInterface/Security/Order/RecalculateOrderPricingHandlerInterface.php,RecalculateOrderPricingHandlerInterface,interface,ServiceInterface,ServiceInterface,RecalculateOrderPricingHandlerInterface,src/ServiceInterface/Security/Order/RecalculateOrderPricingHandlerInterface.php,,keep
src/ServiceInterface/Security/Order/RetryOrderSagaCommandInterface.php,RetryOrderSagaCommandInterface,interface,ServiceInterface,ServiceInterface,RetryOrderSagaCommandInterface,src/ServiceInterface/Security/Order/RetryOrderSagaCommandInterface.php,,keep
src/ServiceInterface/Security/Order/RetryStormGuardInterface.php,RetryStormGuardInterface,interface,ServiceInterface,ServiceInterface,RetryStormGuardInterface,src/ServiceInterface/Security/Order/RetryStormGuardInterface.php,,keep
src/ServiceInterface/Security/Order/SecretRotationPolicyInterface.php,SecretRotationPolicyInterface,interface,ServiceInterface,ServiceInterface,SecretRotationPolicyInterface,src/ServiceInterface/Security/Order/SecretRotationPolicyInterface.php,,keep
src/ServiceInterface/Security/Order/SecureStringInterface.php,SecureStringInterface,interface,ServiceInterface,ServiceInterface,SecureStringInterface,src/ServiceInterface/Security/Order/SecureStringInterface.php,,keep
src/ServiceInterface/Security/Order/StartOrderSagaCommandInterface.php,StartOrderSagaCommandInterface,interface,ServiceInterface,ServiceInterface,StartOrderSagaCommandInterface,src/ServiceInterface/Security/Order/StartOrderSagaCommandInterface.php,,keep
src/ServiceInterface/Security/Order/TaxRuleSetInterface.php,TaxRuleSetInterface,interface,ServiceInterface,ServiceInterface,TaxRuleSetInterface,src/ServiceInterface/Security/Order/TaxRuleSetInterface.php,,keep
src/ServiceInterface/Security/Order/TenantKeyResolverInterface.php,TenantKeyResolverInterface,interface,ServiceInterface,ServiceInterface,TenantKeyResolverInterface,src/ServiceInterface/Security/Order/TenantKeyResolverInterface.php,,keep
src/ServiceInterface/Security/Order/TransactionMiddlewareInterface.php,TransactionMiddlewareInterface,interface,ServiceInterface,ServiceInterface,TransactionMiddlewareInterface,src/ServiceInterface/Security/Order/TransactionMiddlewareInterface.php,,keep
src/ServiceInterface/Security/Order/TransactionalEventPublisherInterface.php,TransactionalEventPublisherInterface,interface,ServiceInterface,ServiceInterface,TransactionalEventPublisherInterface,src/ServiceInterface/Security/Order/TransactionalEventPublisherInterface.php,,keep
src/ServiceInterface/Security/Order/ValidSkuInterface.php,ValidSkuInterface,interface,ServiceInterface,ServiceInterface,ValidSkuInterface,src/ServiceInterface/Security/Order/ValidSkuInterface.php,,keep
src/ServiceInterface/Security/Order/ValidSkuValidatorInterface.php,ValidSkuValidatorInterface,interface,ServiceInterface,ServiceInterface,ValidSkuValidatorInterface,src/ServiceInterface/Security/Order/ValidSkuValidatorInterface.php,,keep
src/ServiceInterface/Security/Order/WebhookInterface.php,WebhookInterface,interface,ServiceInterface,ServiceInterface,WebhookInterface,src/ServiceInterface/Security/Order/WebhookInterface.php,,keep
src/ServiceInterface/Security/Order/WorkerIdempotencyGuardInterface.php,WorkerIdempotencyGuardInterface,interface,ServiceInterface,ServiceInterface,WorkerIdempotencyGuardInterface,src/ServiceInterface/Security/Order/WorkerIdempotencyGuardInterface.php,,keep
src/ServiceInterface/Shipment/CarrierInterface.php,CarrierInterface,interface,ServiceInterface,ServiceInterface,CarrierInterface,src/ServiceInterface/Shipment/CarrierInterface.php,,keep
src/ServiceInterface/Shipment/Order/CarrierPollingServiceInterface.php,CarrierPollingServiceInterface,interface,ServiceInterface,ServiceInterface,CarrierPollingServiceInterface,src/ServiceInterface/Shipment/Order/CarrierPollingServiceInterface.php,,keep
src/ServiceInterface/Shipment/Order/DHLGatewayInterface.php,DHLGatewayInterface,interface,ServiceInterface,ServiceInterface,DHLGatewayInterface,src/ServiceInterface/Shipment/Order/DHLGatewayInterface.php,,keep
src/ServiceInterface/Shipment/Order/OrderShipmentProjectionServiceInterface.php,OrderShipmentProjectionServiceInterface,interface,ServiceInterface,ServiceInterface,OrderShipmentProjectionServiceInterface,src/ServiceInterface/Shipment/Order/OrderShipmentProjectionServiceInterface.php,,keep
src/ServiceInterface/Shipment/Order/OrderShipmentServiceInterface.php,OrderShipmentServiceInterface,interface,ServiceInterface,ServiceInterface,OrderShipmentServiceInterface,src/ServiceInterface/Shipment/Order/OrderShipmentServiceInterface.php,,keep
src/ServiceInterface/Shipment/Order/ShipmentServiceInterface.php,ShipmentServiceInterface,interface,ServiceInterface,ServiceInterface,ShipmentServiceInterface,src/ServiceInterface/Shipment/Order/ShipmentServiceInterface.php,,keep
src/ServiceInterface/Shipment/Order/UPSGatewayInterface.php,UPSGatewayInterface,interface,ServiceInterface,ServiceInterface,UPSGatewayInterface,src/ServiceInterface/Shipment/Order/UPSGatewayInterface.php,,keep
src/ServiceInterface/State/Order/DeliveryStateMachineInterface.php,DeliveryStateMachineInterface,interface,ServiceInterface,ServiceInterface,DeliveryStateMachineInterface,src/ServiceInterface/State/Order/DeliveryStateMachineInterface.php,,keep
src/ServiceInterface/State/Order/OrderStateMachineInterface.php,OrderStateMachineInterface,interface,ServiceInterface,ServiceInterface,OrderStateMachineInterface,src/ServiceInterface/State/Order/OrderStateMachineInterface.php,,keep
src/ServiceInterface/Subscriber/Order/AnalyticsSubscriberInterface.php,AnalyticsSubscriberInterface,interface,ServiceInterface,ServiceInterface,AnalyticsSubscriberInterface,src/ServiceInterface/Subscriber/Order/AnalyticsSubscriberInterface.php,,keep
src/ServiceInterface/Subscriber/Order/ApiAuditSubscriberInterface.php,ApiAuditSubscriberInterface,interface,ServiceInterface,ServiceInterface,ApiAuditSubscriberInterface,src/ServiceInterface/Subscriber/Order/ApiAuditSubscriberInterface.php,,keep
src/ServiceInterface/Subscriber/Order/EmailSubscriberInterface.php,EmailSubscriberInterface,interface,ServiceInterface,ServiceInterface,EmailSubscriberInterface,src/ServiceInterface/Subscriber/Order/EmailSubscriberInterface.php,,keep
src/ServiceInterface/Subscriber/Order/OrderAuditSubscriberInterface.php,OrderAuditSubscriberInterface,interface,ServiceInterface,ServiceInterface,OrderAuditSubscriberInterface,src/ServiceInterface/Subscriber/Order/OrderAuditSubscriberInterface.php,,keep
src/ServiceInterface/Subscriber/Order/OrderDisputeSubscriberInterface.php,OrderDisputeSubscriberInterface,interface,ServiceInterface,ServiceInterface,OrderDisputeSubscriberInterface,src/ServiceInterface/Subscriber/Order/OrderDisputeSubscriberInterface.php,,keep
src/ServiceInterface/Subscriber/Order/OrderRefundEventSubscriberInterface.php,OrderRefundEventSubscriberInterface,interface,ServiceInterface,ServiceInterface,OrderRefundEventSubscriberInterface,src/ServiceInterface/Subscriber/Order/OrderRefundEventSubscriberInterface.php,,keep
src/ServiceInterface/Subscriber/Order/OrderShipmentSubscriberInterface.php,OrderShipmentSubscriberInterface,interface,ServiceInterface,ServiceInterface,OrderShipmentSubscriberInterface,src/ServiceInterface/Subscriber/Order/OrderShipmentSubscriberInterface.php,,keep
src/ServiceInterface/Subscriber/Order/OrderWorkflowGuardSubscriberInterface.php,OrderWorkflowGuardSubscriberInterface,interface,ServiceInterface,ServiceInterface,OrderWorkflowGuardSubscriberInterface,src/ServiceInterface/Subscriber/Order/OrderWorkflowGuardSubscriberInterface.php,,keep
src/ServiceInterface/Transport/Order/CarrierInterface.php,CarrierInterface,interface,ServiceInterface,ServiceInterface,CarrierInterface,src/ServiceInterface/Transport/Order/CarrierInterface.php,,keep
src/ServiceInterface/Transport/Order/ChaosProvInterface.php,ChaosProvInterface,interface,ServiceInterface,ServiceInterface,ChaosProvInterface,src/ServiceInterface/Transport/Order/ChaosProvInterface.php,,keep
src/ServiceInterface/Transport/Order/ClientInterface.php,ClientInterface,interface,ServiceInterface,ServiceInterface,ClientInterface,src/ServiceInterface/Transport/Order/ClientInterface.php,,keep
src/ServiceInterface/Transport/Order/DHLCarrierInterface.php,DHLCarrierInterface,interface,ServiceInterface,ServiceInterface,DHLCarrierInterface,src/ServiceInterface/Transport/Order/DHLCarrierInterface.php,,keep
src/ServiceInterface/Transport/Order/DummyProvInterface.php,DummyProvInterface,interface,ServiceInterface,ServiceInterface,DummyProvInterface,src/ServiceInterface/Transport/Order/DummyProvInterface.php,,keep
src/ServiceInterface/Transport/Order/HttpClientInterface.php,HttpClientInterface,interface,ServiceInterface,ServiceInterface,HttpClientInterface,src/ServiceInterface/Transport/Order/HttpClientInterface.php,,keep
src/ServiceInterface/Transport/Order/OrderClientInterface.php,OrderClientInterface,interface,ServiceInterface,ServiceInterface,OrderClientInterface,src/ServiceInterface/Transport/Order/OrderClientInterface.php,,keep
src/ServiceInterface/Transport/Order/PaymentProviderInterface.php,PaymentProviderInterface,interface,ServiceInterface,ServiceInterface,PaymentProviderInterface,src/ServiceInterface/Transport/Order/PaymentProviderInterface.php,,keep
src/ServiceInterface/Transport/Order/ProviderAdapterInterface.php,ProviderAdapterInterface,interface,ServiceInterface,ServiceInterface,ProviderAdapterInterface,src/ServiceInterface/Transport/Order/ProviderAdapterInterface.php,,keep
src/ServiceInterface/Transport/Order/ProviderRouterInterface.php,ProviderRouterInterface,interface,ServiceInterface,ServiceInterface,ProviderRouterInterface,src/ServiceInterface/Transport/Order/ProviderRouterInterface.php,,keep
src/ServiceInterface/Transport/Order/ShipmentProcessorServiceInterface.php,ShipmentProcessorServiceInterface,interface,ServiceInterface,ServiceInterface,ShipmentProcessorServiceInterface,src/ServiceInterface/Transport/Order/ShipmentProcessorServiceInterface.php,,keep
src/ServiceInterface/Transport/Order/UPSCarrierInterface.php,UPSCarrierInterface,interface,ServiceInterface,ServiceInterface,UPSCarrierInterface,src/ServiceInterface/Transport/Order/UPSCarrierInterface.php,,keep
src/ServiceInterface/Webhook/Order/OrderWebhookHandlerInterface.php,OrderWebhookHandlerInterface,interface,ServiceInterface,ServiceInterface,OrderWebhookHandlerInterface,src/ServiceInterface/Webhook/Order/OrderWebhookHandlerInterface.php,,keep
src/ServiceInterface/Webhook/Order/PaymentWebhookListenerInterface.php,PaymentWebhookListenerInterface,interface,ServiceInterface,ServiceInterface,PaymentWebhookListenerInterface,src/ServiceInterface/Webhook/Order/PaymentWebhookListenerInterface.php,,keep
src/ServiceInterface/Webhook/Order/WebhookDispatcherInterface.php,WebhookDispatcherInterface,interface,ServiceInterface,ServiceInterface,WebhookDispatcherInterface,src/ServiceInterface/Webhook/Order/WebhookDispatcherInterface.php,,keep
src/ServiceInterface/Webhook/Order/WebhookHandlerInterface.php,WebhookHandlerInterface,interface,ServiceInterface,ServiceInterface,WebhookHandlerInterface,src/ServiceInterface/Webhook/Order/WebhookHandlerInterface.php,,keep
src/ServiceInterface/Webhook/Order/WebhookIdempotencyServiceInterface.php,WebhookIdempotencyServiceInterface,interface,ServiceInterface,ServiceInterface,WebhookIdempotencyServiceInterface,src/ServiceInterface/Webhook/Order/WebhookIdempotencyServiceInterface.php,,keep
src/ServiceInterface/Webhook/Order/WebhookSignerHmacInterface.php,WebhookSignerHmacInterface,interface,ServiceInterface,ServiceInterface,WebhookSignerHmacInterface,src/ServiceInterface/Webhook/Order/WebhookSignerHmacInterface.php,,keep
src/ServiceInterface/Webhook/Order/WebhookSignerRsaInterface.php,WebhookSignerRsaInterface,interface,ServiceInterface,ServiceInterface,WebhookSignerRsaInterface,src/ServiceInterface/Webhook/Order/WebhookSignerRsaInterface.php,,keep
src/ServiceInterface/Webhook/Order/WebhookVerifierHmacInterface.php,WebhookVerifierHmacInterface,interface,ServiceInterface,ServiceInterface,WebhookVerifierHmacInterface,src/ServiceInterface/Webhook/Order/WebhookVerifierHmacInterface.php,,keep
src/ServiceInterface/Webhook/Order/WebhookVerifierRsaInterface.php,WebhookVerifierRsaInterface,interface,ServiceInterface,ServiceInterface,WebhookVerifierRsaInterface,src/ServiceInterface/Webhook/Order/WebhookVerifierRsaInterface.php,,keep
src/ServiceInterface/Workflow/Order/OrderCancelledHandlerInterface.php,OrderCancelledHandlerInterface,interface,ServiceInterface,ServiceInterface,OrderCancelledHandlerInterface,src/ServiceInterface/Workflow/Order/OrderCancelledHandlerInterface.php,,keep
src/ServiceInterface/Workflow/Order/OrderOrchestratorInterface.php,OrderOrchestratorInterface,interface,ServiceInterface,ServiceInterface,OrderOrchestratorInterface,src/ServiceInterface/Workflow/Order/OrderOrchestratorInterface.php,,keep
src/ServiceInterface/Workflow/Order/OrderPaidHandlerInterface.php,OrderPaidHandlerInterface,interface,ServiceInterface,ServiceInterface,OrderPaidHandlerInterface,src/ServiceInterface/Workflow/Order/OrderPaidHandlerInterface.php,,keep
src/ServiceInterface/Workflow/Order/OrderPlacedHandlerInterface.php,OrderPlacedHandlerInterface,interface,ServiceInterface,ServiceInterface,OrderPlacedHandlerInterface,src/ServiceInterface/Workflow/Order/OrderPlacedHandlerInterface.php,,keep
src/ServiceInterface/Workflow/Order/OrderRefundedHandlerInterface.php,OrderRefundedHandlerInterface,interface,ServiceInterface,ServiceInterface,OrderRefundedHandlerInterface,src/ServiceInterface/Workflow/Order/OrderRefundedHandlerInterface.php,,keep
src/ServiceInterface/Workflow/Order/OrderSagaInterface.php,OrderSagaInterface,interface,ServiceInterface,ServiceInterface,OrderSagaInterface,src/ServiceInterface/Workflow/Order/OrderSagaInterface.php,,keep
src/ServiceInterface/Workflow/Order/OrderShippedHandlerInterface.php,OrderShippedHandlerInterface,interface,ServiceInterface,ServiceInterface,OrderShippedHandlerInterface,src/ServiceInterface/Workflow/Order/OrderShippedHandlerInterface.php,,keep
src/ServiceInterface/Workflow/Order/OrderStatusServiceInterface.php,OrderStatusServiceInterface,interface,ServiceInterface,ServiceInterface,OrderStatusServiceInterface,src/ServiceInterface/Workflow/Order/OrderStatusServiceInterface.php,,keep
src/ServiceInterface/Workflow/Order/OrderWorkflowServiceInterface.php,OrderWorkflowServiceInterface,interface,ServiceInterface,ServiceInterface,OrderWorkflowServiceInterface,src/ServiceInterface/Workflow/Order/OrderWorkflowServiceInterface.php,,keep
src/ServiceInterface/Workflow/Order/RetryOrderSagaHandlerInterface.php,RetryOrderSagaHandlerInterface,interface,ServiceInterface,ServiceInterface,RetryOrderSagaHandlerInterface,src/ServiceInterface/Workflow/Order/RetryOrderSagaHandlerInterface.php,,keep
src/ServiceInterface/Workflow/Order/ReturnWorkflowServiceInterface.php,ReturnWorkflowServiceInterface,interface,ServiceInterface,ServiceInterface,ReturnWorkflowServiceInterface,src/ServiceInterface/Workflow/Order/ReturnWorkflowServiceInterface.php,,keep
src/ServiceInterface/Workflow/Order/StartOrderSagaHandlerInterface.php,StartOrderSagaHandlerInterface,interface,ServiceInterface,ServiceInterface,StartOrderSagaHandlerInterface,src/ServiceInterface/Workflow/Order/StartOrderSagaHandlerInterface.php,,keep
src/Strategy/Pricing/Order/DefaultPromotionStrategy.php,DefaultPromotionStrategy,class,Strategy,Strategy,DefaultPromotionStrategy,src/Strategy/Pricing/Order/DefaultPromotionStrategy.php,,keep
src/Strategy/Pricing/Order/DefaultTaxationStrategy.php,DefaultTaxationStrategy,class,Strategy,Strategy,DefaultTaxationStrategy,src/Strategy/Pricing/Order/DefaultTaxationStrategy.php,,keep
src/Subscriber/Event/Order/AnalyticsSubscriber.php,AnalyticsSubscriber,class,Subscriber,Subscriber,AnalyticsSubscriber,src/Subscriber/Event/Order/AnalyticsSubscriber.php,,keep
src/Subscriber/Event/Order/EmailSubscriber.php,EmailSubscriber,class,Subscriber,Subscriber,EmailSubscriber,src/Subscriber/Event/Order/EmailSubscriber.php,,keep
src/Subscriber/Event/Order/InventorySubscriber.php,InventorySubscriber,class,Subscriber,Subscriber,InventorySubscriber,src/Subscriber/Event/Order/InventorySubscriber.php,,keep
src/Subscriber/Event/Order/OrderAuditSubscriber.php,OrderAuditSubscriber,class,Subscriber,Subscriber,OrderAuditSubscriber,src/Subscriber/Event/Order/OrderAuditSubscriber.php,,keep
src/Subscriber/Event/Order/OrderDisputeSubscriber.php,OrderDisputeSubscriber,class,Subscriber,Subscriber,OrderDisputeSubscriber,src/Subscriber/Event/Order/OrderDisputeSubscriber.php,,keep
src/Subscriber/Event/Order/OrderRefundEventSubscriber.php,OrderRefundEventSubscriber,class,Subscriber,Subscriber,OrderRefundEventSubscriber,src/Subscriber/Event/Order/OrderRefundEventSubscriber.php,,keep
src/Subscriber/Event/Order/OrderShipmentSubscriber.php,OrderShipmentSubscriber,class,Subscriber,Subscriber,OrderShipmentSubscriber,src/Subscriber/Event/Order/OrderShipmentSubscriber.php,,keep
src/Subscriber/Event/Order/OrderWorkflowSubscriber.php,OrderWorkflowSubscriber,class,Subscriber,Subscriber,OrderWorkflowSubscriber,src/Subscriber/Event/Order/OrderWorkflowSubscriber.php,,keep
src/Subscriber/Event/Order/PaymentStatusSubscriber.php,PaymentStatusSubscriber,class,Subscriber,Subscriber,PaymentStatusSubscriber,src/Subscriber/Event/Order/PaymentStatusSubscriber.php,,keep
src/Subscriber/Event/Order/PaymentWebhookListener.php,PaymentWebhookListener,class,Subscriber,Listener,PaymentWebhookListener,src/Listener/Event/Order/PaymentWebhookListener.php,wrong_layer_or_path|namespace_drift,review_or_move
src/Subscriber/Event/Order/ShipmentStatusListener.php,ShipmentStatusListener,class,Subscriber,Listener,ShipmentStatusListener,src/Listener/Event/Order/ShipmentStatusListener.php,wrong_layer_or_path|namespace_drift,review_or_move
src/Support/Security/Order/Idempotency.php,Idempotency,class,Support,Support,Idempotency,src/Support/Security/Order/Idempotency.php,,keep
src/Support/Security/Order/RateLimit.php,RateLimit,class,Support,Support,RateLimit,src/Support/Security/Order/RateLimit.php,,keep
src/Support/Security/Order/SecureString.php,SecureString,class,Support,Support,SecureString,src/Support/Security/Order/SecureString.php,,keep
src/ValueObject/Archival/Order/AuditLog.php,AuditLog,class,ValueObject,ValueObject,AuditLog,src/ValueObject/Archival/Order/AuditLog.php,,keep
src/ValueObject/Billing/Order/InvoiceNumber.php,InvoiceNumber,class,ValueObject,ValueObject,InvoiceNumber,src/ValueObject/Billing/Order/InvoiceNumber.php,,keep
src/ValueObject/Inventory/Order/Quantity.php,Quantity,class,ValueObject,ValueObject,Quantity,src/ValueObject/Inventory/Order/Quantity.php,,keep
src/ValueObject/Inventory/Order/Sku.php,Sku,class,ValueObject,ValueObject,Sku,src/ValueObject/Inventory/Order/Sku.php,,keep
src/ValueObject/Money/Currency.php,Currency,class,ValueObject,ValueObject,Currency,src/ValueObject/Money/Currency.php,,keep
src/ValueObject/Money/Money.php,Money,class,ValueObject,ValueObject,Money,src/ValueObject/Money/Money.php,,keep
src/ValueObject/OrderStatus.php,OrderStatus,enum,ValueObject,ValueObject,OrderStatus,src/ValueObject/OrderStatus.php,,keep
src/ValueObject/Payment/Order/PaymentMethod.php,PaymentMethod,class,ValueObject,ValueObject,PaymentMethod,src/ValueObject/Payment/Order/PaymentMethod.php,,keep
src/ValueObject/Payment/Order/PaymentStatus.php,PaymentStatus,class,ValueObject,ValueObject,PaymentStatus,src/ValueObject/Payment/Order/PaymentStatus.php,,keep
src/ValueObject/Pricing/Order/Currency.php,Currency,class,ValueObject,ValueObject,Currency,src/ValueObject/Pricing/Order/Currency.php,,keep
src/ValueObject/Pricing/Order/Discount.php,Discount,class,ValueObject,ValueObject,Discount,src/ValueObject/Pricing/Order/Discount.php,,keep
src/ValueObject/Pricing/Order/ExchangeRate.php,ExchangeRate,class,ValueObject,ValueObject,ExchangeRate,src/ValueObject/Pricing/Order/ExchangeRate.php,,keep
src/ValueObject/Pricing/Order/Money.php,Money,class,ValueObject,ValueObject,Money,src/ValueObject/Pricing/Order/Money.php,,keep
src/ValueObject/Pricing/Order/Price.php,Price,class,ValueObject,ValueObject,Price,src/ValueObject/Pricing/Order/Price.php,,keep
src/ValueObject/Pricing/Order/PriceBreakdown.php,PriceBreakdown,class,ValueObject,ValueObject,PriceBreakdown,src/ValueObject/Pricing/Order/PriceBreakdown.php,,keep
src/ValueObject/Pricing/Order/Quantity.php,Quantity,class,ValueObject,ValueObject,Quantity,src/ValueObject/Pricing/Order/Quantity.php,,keep
src/ValueObject/Pricing/Order/RefundAmount.php,RefundAmount,class,ValueObject,ValueObject,RefundAmount,src/ValueObject/Pricing/Order/RefundAmount.php,,keep
src/ValueObject/Pricing/Order/Sku.php,Sku,class,ValueObject,ValueObject,Sku,src/ValueObject/Pricing/Order/Sku.php,,keep
src/ValueObject/Pricing/Order/TaxRate.php,TaxRate,class,ValueObject,ValueObject,TaxRate,src/ValueObject/Pricing/Order/TaxRate.php,,keep
src/ValueObject/Pricing/Order/TaxRuleSet.php,TaxRuleSet,class,ValueObject,ValueObject,TaxRuleSet,src/ValueObject/Pricing/Order/TaxRuleSet.php,,keep
src/ValueObject/Pricing/Order/Taxation.php,Taxation,class,ValueObject,ValueObject,Taxation,src/ValueObject/Pricing/Order/Taxation.php,,keep
src/ValueObject/ReservationStatus.php,ReservationStatus,class,ValueObject,ValueObject,ReservationStatus,src/ValueObject/ReservationStatus.php,,keep
src/ValueObject/Routing/Order/CanarySwitch.php,CanarySwitch,class,ValueObject,ValueObject,CanarySwitch,src/ValueObject/Routing/Order/CanarySwitch.php,,keep
src/ValueObject/Routing/Order/CostPolicy.php,CostPolicy,class,ValueObject,ValueObject,CostPolicy,src/ValueObject/Routing/Order/CostPolicy.php,,keep
src/ValueObject/Routing/Order/HealthProbe.php,HealthProbe,class,ValueObject,ValueObject,HealthProbe,src/ValueObject/Routing/Order/HealthProbe.php,,keep
src/ValueObject/Routing/Order/HealthScore.php,HealthScore,class,ValueObject,ValueObject,HealthScore,src/ValueObject/Routing/Order/HealthScore.php,,keep
src/ValueObject/Routing/Order/ProviderPolicy.php,ProviderPolicy,class,ValueObject,ValueObject,ProviderPolicy,src/ValueObject/Routing/Order/ProviderPolicy.php,,keep
src/ValueObject/Routing/Order/QuotaPolicy.php,QuotaPolicy,class,ValueObject,ValueObject,QuotaPolicy,src/ValueObject/Routing/Order/QuotaPolicy.php,,keep
src/ValueObject/Routing/Order/RouteContext.php,RouteContext,class,ValueObject,ValueObject,RouteContext,src/ValueObject/Routing/Order/RouteContext.php,,keep
src/ValueObject/Routing/Order/RouteDecision.php,RouteDecision,class,ValueObject,ValueObject,RouteDecision,src/ValueObject/Routing/Order/RouteDecision.php,,keep
src/ValueObject/Security/Order/JwkKey.php,JwkKey,class,ValueObject,ValueObject,JwkKey,src/ValueObject/Security/Order/JwkKey.php,,keep
src/ValueObject/Support/Order/Error.php,Error,class,ValueObject,ValueObject,Error,src/ValueObject/Support/Order/Error.php,,keep
src/ValueObject/Webhook/Order/Webhook.php,Webhook,class,ValueObject,ValueObject,Webhook,src/ValueObject/Webhook/Order/Webhook.php,,keep
src/Webhook/NoopWebhookDispatcher.php,NoopWebhookDispatcher,class,Webhook,Webhook,NoopWebhookDispatcher,src/Webhook/NoopWebhookDispatcher.php,,keep
